Table,address,,,
ColumnConstrained,ConstraintTable,ConstraintField,ConstraintEquivalence,2ndTable,2ndField,2ndEquivalence
id,tag,id,name,tag,tag_type_code,tag_type_code
device_id,device,id,type,device,model,model
Data,,,
id,device_id,cycle_time,offset,iaddr1,iaddr2,iaddr3,iaddr4,iaddr5,iaddr6,saddr1,saddr2,saddr3,saddr4,saddr5,saddr6
CT01-L|AI,SIM|OMS,60,0,2817,NULL,NULL,NULL,NULL,NULL,NULL,NULL,NULL,NULL,NULL,NULL
CT02-L|AI,SIM|OMS,60,1,2818,NULL,NULL,NULL,NULL,NULL,NULL,NULL,NULL,NULL,NULL,NULL
CT03-L|AI,SIM|OMS,60,2,2819,NULL,NULL,NULL,NULL,NULL,NULL,NULL,NULL,NULL,NULL,NULL
CT04-L|AI,SIM|OMS,60,3,2820,NULL,NULL,NULL,NULL,NULL,NULL,NULL,NULL,NULL,NULL,NULL
CT05-L|AI,SIM|OMS,60,4,2821,NULL,NULL,NULL,NULL,NULL,NULL,NULL,NULL,NULL,NULL,NULL
CT06-L|AI,SIM|OMS,60,5,2822,NULL,NULL,NULL,NULL,NULL,NULL,NULL,NULL,NULL,NULL,NULL
CT07-L|AI,SIM|OMS,60,0,2823,NULL,NULL,NULL,NULL,NULL,NULL,NULL,NULL,NULL,NULL,NULL
CT08-L|AI,SIM|OMS,60,1,2824,NULL,NULL,NULL,NULL,NULL,NULL,NULL,NULL,NULL,NULL,NULL
CT09-L|AI,SIM|OMS,60,2,2825,NULL,NULL,NULL,NULL,NULL,NULL,NULL,NULL,NULL,NULL,NULL
CT10-L|AI,SIM|OMS,60,3,2826,NULL,NULL,NULL,NULL,NULL,NULL,NULL,NULL,NULL,NULL,NULL
CT11-L|AI,SIM|OMS,60,4,2827,NULL,NULL,NULL,NULL,NULL,NULL,NULL,NULL,NULL,NULL,NULL
CT12-L|AI,SIM|OMS,60,5,2828,NULL,NULL,NULL,NULL,NULL,NULL,NULL,NULL,NULL,NULL,NULL
GT01-L|AI,SIM|OMS,60,0,2829,NULL,NULL,NULL,NULL,NULL,NULL,NULL,NULL,NULL,NULL,NULL
GT02-L|AI,SIM|OMS,60,1,2830,NULL,NULL,NULL,NULL,NULL,NULL,NULL,NULL,NULL,NULL,NULL
GT03-L|AI,SIM|OMS,60,2,2831,NULL,NULL,NULL,NULL,NULL,NULL,NULL,NULL,NULL,NULL,NULL
GT04-L|AI,SIM|OMS,60,3,2832,NULL,NULL,NULL,NULL,NULL,NULL,NULL,NULL,NULL,NULL,NULL
GT05-L|AI,SIM|OMS,60,4,2833,NULL,NULL,NULL,NULL,NULL,NULL,NULL,NULL,NULL,NULL,NULL
GT06-L|AI,SIM|OMS,60,5,2834,NULL,NULL,NULL,NULL,NULL,NULL,NULL,NULL,NULL,NULL,NULL
GT07-L|AI,SIM|OMS,60,0,2835,NULL,NULL,NULL,NULL,NULL,NULL,NULL,NULL,NULL,NULL,NULL
GT08-L|AI,SIM|OMS,60,1,2836,NULL,NULL,NULL,NULL,NULL,NULL,NULL,NULL,NULL,NULL,NULL
GT09-L|AI,SIM|OMS,60,2,2837,NULL,NULL,NULL,NULL,NULL,NULL,NULL,NULL,NULL,NULL,NULL
GT10-L|AI,SIM|OMS,60,3,2838,NULL,NULL,NULL,NULL,NULL,NULL,NULL,NULL,NULL,NULL,NULL
GT11-L|AI,SIM|OMS,60,4,2839,NULL,NULL,NULL,NULL,NULL,NULL,NULL,NULL,NULL,NULL,NULL
GT12-L|AI,SIM|OMS,60,5,2840,NULL,NULL,NULL,NULL,NULL,NULL,NULL,NULL,NULL,NULL,NULL
GT13-L|AI,SIM|OMS,60,0,2841,NULL,NULL,NULL,NULL,NULL,NULL,NULL,NULL,NULL,NULL,NULL
GT14-L|AI,SIM|OMS,60,1,2842,NULL,NULL,NULL,NULL,NULL,NULL,NULL,NULL,NULL,NULL,NULL
GT15-L|AI,SIM|OMS,60,2,2843,NULL,NULL,NULL,NULL,NULL,NULL,NULL,NULL,NULL,NULL,NULL
JT01-L|AI,SIM|OMS,60,3,2844,NULL,NULL,NULL,NULL,NULL,NULL,NULL,NULL,NULL,NULL,NULL
JT02-L|AI,SIM|OMS,60,4,2845,NULL,NULL,NULL,NULL,NULL,NULL,NULL,NULL,NULL,NULL,NULL
JT03-L|AI,SIM|OMS,60,5,2846,NULL,NULL,NULL,NULL,NULL,NULL,NULL,NULL,NULL,NULL,NULL
JT04-L|AI,SIM|OMS,60,0,2847,NULL,NULL,NULL,NULL,NULL,NULL,NULL,NULL,NULL,NULL,NULL
JT05-L|AI,SIM|OMS,60,1,2848,NULL,NULL,NULL,NULL,NULL,NULL,NULL,NULL,NULL,NULL,NULL
JT06-L|AI,SIM|OMS,60,2,2849,NULL,NULL,NULL,NULL,NULL,NULL,NULL,NULL,NULL,NULL,NULL
JT07-L|AI,SIM|OMS,60,3,2850,NULL,NULL,NULL,NULL,NULL,NULL,NULL,NULL,NULL,NULL,NULL
JT08-L|AI,SIM|OMS,60,4,2851,NULL,NULL,NULL,NULL,NULL,NULL,NULL,NULL,NULL,NULL,NULL
JT09-L|AI,SIM|OMS,60,5,2852,NULL,NULL,NULL,NULL,NULL,NULL,NULL,NULL,NULL,NULL,NULL
JT10-L|AI,SIM|OMS,60,0,2853,NULL,NULL,NULL,NULL,NULL,NULL,NULL,NULL,NULL,NULL,NULL
JT11-L|AI,SIM|OMS,60,1,2854,NULL,NULL,NULL,NULL,NULL,NULL,NULL,NULL,NULL,NULL,NULL
JT12-L|AI,SIM|OMS,60,2,2855,NULL,NULL,NULL,NULL,NULL,NULL,NULL,NULL,NULL,NULL,NULL
FT01-L|AI,SIM|OMS,60,3,2856,NULL,NULL,NULL,NULL,NULL,NULL,NULL,NULL,NULL,NULL,NULL
FT02-L|AI,SIM|OMS,60,4,2857,NULL,NULL,NULL,NULL,NULL,NULL,NULL,NULL,NULL,NULL,NULL
FT03-L|AI,SIM|OMS,60,5,2858,NULL,NULL,NULL,NULL,NULL,NULL,NULL,NULL,NULL,NULL,NULL
FT04-L|AI,SIM|OMS,60,0,2859,NULL,NULL,NULL,NULL,NULL,NULL,NULL,NULL,NULL,NULL,NULL
FT05-L|AI,SIM|OMS,60,1,2860,NULL,NULL,NULL,NULL,NULL,NULL,NULL,NULL,NULL,NULL,NULL
FT06-L|AI,SIM|OMS,60,2,2861,NULL,NULL,NULL,NULL,NULL,NULL,NULL,NULL,NULL,NULL,NULL
FT07-L|AI,SIM|OMS,60,3,2862,NULL,NULL,NULL,NULL,NULL,NULL,NULL,NULL,NULL,NULL,NULL
FT08-L|AI,SIM|OMS,60,4,2863,NULL,NULL,NULL,NULL,NULL,NULL,NULL,NULL,NULL,NULL,NULL
FT09-L|AI,SIM|OMS,60,5,2864,NULL,NULL,NULL,NULL,NULL,NULL,NULL,NULL,NULL,NULL,NULL
FT10-L|AI,SIM|OMS,60,0,2865,NULL,NULL,NULL,NULL,NULL,NULL,NULL,NULL,NULL,NULL,NULL
FT11-L|AI,SIM|OMS,60,1,2866,NULL,NULL,NULL,NULL,NULL,NULL,NULL,NULL,NULL,NULL,NULL
RT01-L|AI,SIM|OMS,60,2,2867,NULL,NULL,NULL,NULL,NULL,NULL,NULL,NULL,NULL,NULL,NULL
RT02-L|AI,SIM|OMS,60,3,2868,NULL,NULL,NULL,NULL,NULL,NULL,NULL,NULL,NULL,NULL,NULL
RT03-L|AI,SIM|OMS,60,4,2869,NULL,NULL,NULL,NULL,NULL,NULL,NULL,NULL,NULL,NULL,NULL
NT01-L|AI,SIM|OMS,60,5,2870,NULL,NULL,NULL,NULL,NULL,NULL,NULL,NULL,NULL,NULL,NULL
NT02-L|AI,SIM|OMS,60,0,2871,NULL,NULL,NULL,NULL,NULL,NULL,NULL,NULL,NULL,NULL,NULL
NT03-L|AI,SIM|OMS,60,1,2872,NULL,NULL,NULL,NULL,NULL,NULL,NULL,NULL,NULL,NULL,NULL
NT04-L|AI,SIM|OMS,60,2,2873,NULL,NULL,NULL,NULL,NULL,NULL,NULL,NULL,NULL,NULL,NULL
AT01-L|AI,SIM|OMS,60,3,2874,NULL,NULL,NULL,NULL,NULL,NULL,NULL,NULL,NULL,NULL,NULL
AT02-L|AI,SIM|OMS,60,4,2875,NULL,NULL,NULL,NULL,NULL,NULL,NULL,NULL,NULL,NULL,NULL
AT03-L|AI,SIM|OMS,60,5,2876,NULL,NULL,NULL,NULL,NULL,NULL,NULL,NULL,NULL,NULL,NULL
AT04-L|AI,SIM|OMS,60,0,2877,NULL,NULL,NULL,NULL,NULL,NULL,NULL,NULL,NULL,NULL,NULL
LT01-L|AI,SIM|OMS,60,1,2878,NULL,NULL,NULL,NULL,NULL,NULL,NULL,NULL,NULL,NULL,NULL
LT02-L|AI,SIM|OMS,60,2,2879,NULL,NULL,NULL,NULL,NULL,NULL,NULL,NULL,NULL,NULL,NULL
LT03-L|AI,SIM|OMS,60,3,2880,NULL,NULL,NULL,NULL,NULL,NULL,NULL,NULL,NULL,NULL,NULL
LT04-L|AI,SIM|OMS,60,4,2881,NULL,NULL,NULL,NULL,NULL,NULL,NULL,NULL,NULL,NULL,NULL
CT01-T|AI,SIM|OMS,60,0,2882,NULL,NULL,NULL,NULL,NULL,NULL,NULL,NULL,NULL,NULL,NULL
CT02-T|AI,SIM|OMS,60,1,2883,NULL,NULL,NULL,NULL,NULL,NULL,NULL,NULL,NULL,NULL,NULL
CT03-T|AI,SIM|OMS,60,2,2884,NULL,NULL,NULL,NULL,NULL,NULL,NULL,NULL,NULL,NULL,NULL
CT04-T|AI,SIM|OMS,60,3,2885,NULL,NULL,NULL,NULL,NULL,NULL,NULL,NULL,NULL,NULL,NULL
CT05-T|AI,SIM|OMS,60,4,2886,NULL,NULL,NULL,NULL,NULL,NULL,NULL,NULL,NULL,NULL,NULL
CT06-T|AI,SIM|OMS,60,5,2887,NULL,NULL,NULL,NULL,NULL,NULL,NULL,NULL,NULL,NULL,NULL
CT07-T|AI,SIM|OMS,60,0,2888,NULL,NULL,NULL,NULL,NULL,NULL,NULL,NULL,NULL,NULL,NULL
CT08-T|AI,SIM|OMS,60,1,2889,NULL,NULL,NULL,NULL,NULL,NULL,NULL,NULL,NULL,NULL,NULL
CT09-T|AI,SIM|OMS,60,2,2890,NULL,NULL,NULL,NULL,NULL,NULL,NULL,NULL,NULL,NULL,NULL
CT10-T|AI,SIM|OMS,60,3,2891,NULL,NULL,NULL,NULL,NULL,NULL,NULL,NULL,NULL,NULL,NULL
CT11-T|AI,SIM|OMS,60,4,2892,NULL,NULL,NULL,NULL,NULL,NULL,NULL,NULL,NULL,NULL,NULL
CT12-T|AI,SIM|OMS,60,5,2893,NULL,NULL,NULL,NULL,NULL,NULL,NULL,NULL,NULL,NULL,NULL
GT01-T|AI,SIM|OMS,60,0,2894,NULL,NULL,NULL,NULL,NULL,NULL,NULL,NULL,NULL,NULL,NULL
GT02-T|AI,SIM|OMS,60,1,2895,NULL,NULL,NULL,NULL,NULL,NULL,NULL,NULL,NULL,NULL,NULL
GT03-T|AI,SIM|OMS,60,2,2896,NULL,NULL,NULL,NULL,NULL,NULL,NULL,NULL,NULL,NULL,NULL
GT04-T|AI,SIM|OMS,60,3,2897,NULL,NULL,NULL,NULL,NULL,NULL,NULL,NULL,NULL,NULL,NULL
GT05-T|AI,SIM|OMS,60,4,2898,NULL,NULL,NULL,NULL,NULL,NULL,NULL,NULL,NULL,NULL,NULL
GT06-T|AI,SIM|OMS,60,5,2899,NULL,NULL,NULL,NULL,NULL,NULL,NULL,NULL,NULL,NULL,NULL
GT07-T|AI,SIM|OMS,60,0,2900,NULL,NULL,NULL,NULL,NULL,NULL,NULL,NULL,NULL,NULL,NULL
GT08-T|AI,SIM|OMS,60,1,2901,NULL,NULL,NULL,NULL,NULL,NULL,NULL,NULL,NULL,NULL,NULL
GT09-T|AI,SIM|OMS,60,2,2902,NULL,NULL,NULL,NULL,NULL,NULL,NULL,NULL,NULL,NULL,NULL
GT10-T|AI,SIM|OMS,60,3,2903,NULL,NULL,NULL,NULL,NULL,NULL,NULL,NULL,NULL,NULL,NULL
GT11-T|AI,SIM|OMS,60,4,2904,NULL,NULL,NULL,NULL,NULL,NULL,NULL,NULL,NULL,NULL,NULL
GT12-T|AI,SIM|OMS,60,5,2905,NULL,NULL,NULL,NULL,NULL,NULL,NULL,NULL,NULL,NULL,NULL
GT13-T|AI,SIM|OMS,60,0,2906,NULL,NULL,NULL,NULL,NULL,NULL,NULL,NULL,NULL,NULL,NULL
GT14-T|AI,SIM|OMS,60,1,2907,NULL,NULL,NULL,NULL,NULL,NULL,NULL,NULL,NULL,NULL,NULL
GT15-T|AI,SIM|OMS,60,2,2908,NULL,NULL,NULL,NULL,NULL,NULL,NULL,NULL,NULL,NULL,NULL
JT01-T|AI,SIM|OMS,60,3,2909,NULL,NULL,NULL,NULL,NULL,NULL,NULL,NULL,NULL,NULL,NULL
JT02-T|AI,SIM|OMS,60,4,2910,NULL,NULL,NULL,NULL,NULL,NULL,NULL,NULL,NULL,NULL,NULL
JT03-T|AI,SIM|OMS,60,5,2911,NULL,NULL,NULL,NULL,NULL,NULL,NULL,NULL,NULL,NULL,NULL
JT04-T|AI,SIM|OMS,60,0,2912,NULL,NULL,NULL,NULL,NULL,NULL,NULL,NULL,NULL,NULL,NULL
JT05-T|AI,SIM|OMS,60,1,2913,NULL,NULL,NULL,NULL,NULL,NULL,NULL,NULL,NULL,NULL,NULL
JT06-T|AI,SIM|OMS,60,2,2914,NULL,NULL,NULL,NULL,NULL,NULL,NULL,NULL,NULL,NULL,NULL
JT07-T|AI,SIM|OMS,60,3,2915,NULL,NULL,NULL,NULL,NULL,NULL,NULL,NULL,NULL,NULL,NULL
JT08-T|AI,SIM|OMS,60,4,2916,NULL,NULL,NULL,NULL,NULL,NULL,NULL,NULL,NULL,NULL,NULL
JT09-T|AI,SIM|OMS,60,5,2917,NULL,NULL,NULL,NULL,NULL,NULL,NULL,NULL,NULL,NULL,NULL
JT10-T|AI,SIM|OMS,60,0,2918,NULL,NULL,NULL,NULL,NULL,NULL,NULL,NULL,NULL,NULL,NULL
JT11-T|AI,SIM|OMS,60,1,2919,NULL,NULL,NULL,NULL,NULL,NULL,NULL,NULL,NULL,NULL,NULL
JT12-T|AI,SIM|OMS,60,2,2920,NULL,NULL,NULL,NULL,NULL,NULL,NULL,NULL,NULL,NULL,NULL
FT01-T|AI,SIM|OMS,60,3,2921,NULL,NULL,NULL,NULL,NULL,NULL,NULL,NULL,NULL,NULL,NULL
FT02-T|AI,SIM|OMS,60,4,2922,NULL,NULL,NULL,NULL,NULL,NULL,NULL,NULL,NULL,NULL,NULL
FT03-T|AI,SIM|OMS,60,5,2923,NULL,NULL,NULL,NULL,NULL,NULL,NULL,NULL,NULL,NULL,NULL
FT04-T|AI,SIM|OMS,60,0,2924,NULL,NULL,NULL,NULL,NULL,NULL,NULL,NULL,NULL,NULL,NULL
FT05-T|AI,SIM|OMS,60,1,2925,NULL,NULL,NULL,NULL,NULL,NULL,NULL,NULL,NULL,NULL,NULL
FT06-T|AI,SIM|OMS,60,2,2926,NULL,NULL,NULL,NULL,NULL,NULL,NULL,NULL,NULL,NULL,NULL
FT07-T|AI,SIM|OMS,60,3,2927,NULL,NULL,NULL,NULL,NULL,NULL,NULL,NULL,NULL,NULL,NULL
FT08-T|AI,SIM|OMS,60,4,2928,NULL,NULL,NULL,NULL,NULL,NULL,NULL,NULL,NULL,NULL,NULL
FT09-T|AI,SIM|OMS,60,5,2929,NULL,NULL,NULL,NULL,NULL,NULL,NULL,NULL,NULL,NULL,NULL
FT10-T|AI,SIM|OMS,60,0,2930,NULL,NULL,NULL,NULL,NULL,NULL,NULL,NULL,NULL,NULL,NULL
FT11-T|AI,SIM|OMS,60,1,2931,NULL,NULL,NULL,NULL,NULL,NULL,NULL,NULL,NULL,NULL,NULL
RT01-T|AI,SIM|OMS,60,2,2932,NULL,NULL,NULL,NULL,NULL,NULL,NULL,NULL,NULL,NULL,NULL
RT02-T|AI,SIM|OMS,60,3,2933,NULL,NULL,NULL,NULL,NULL,NULL,NULL,NULL,NULL,NULL,NULL
RT03-T|AI,SIM|OMS,60,4,2934,NULL,NULL,NULL,NULL,NULL,NULL,NULL,NULL,NULL,NULL,NULL
NT01-T|AI,SIM|OMS,60,5,2935,NULL,NULL,NULL,NULL,NULL,NULL,NULL,NULL,NULL,NULL,NULL
NT02-T|AI,SIM|OMS,60,0,2936,NULL,NULL,NULL,NULL,NULL,NULL,NULL,NULL,NULL,NULL,NULL
NT03-T|AI,SIM|OMS,60,1,2937,NULL,NULL,NULL,NULL,NULL,NULL,NULL,NULL,NULL,NULL,NULL
NT04-T|AI,SIM|OMS,60,2,2938,NULL,NULL,NULL,NULL,NULL,NULL,NULL,NULL,NULL,NULL,NULL
AT01-T|AI,SIM|OMS,60,3,2939,NULL,NULL,NULL,NULL,NULL,NULL,NULL,NULL,NULL,NULL,NULL
AT02-T|AI,SIM|OMS,60,4,2940,NULL,NULL,NULL,NULL,NULL,NULL,NULL,NULL,NULL,NULL,NULL
AT03-T|AI,SIM|OMS,60,5,2941,NULL,NULL,NULL,NULL,NULL,NULL,NULL,NULL,NULL,NULL,NULL
AT04-T|AI,SIM|OMS,60,0,2942,NULL,NULL,NULL,NULL,NULL,NULL,NULL,NULL,NULL,NULL,NULL
LT01-T|AI,SIM|OMS,60,1,2943,NULL,NULL,NULL,NULL,NULL,NULL,NULL,NULL,NULL,NULL,NULL
LT02-T|AI,SIM|OMS,60,2,2944,NULL,NULL,NULL,NULL,NULL,NULL,NULL,NULL,NULL,NULL,NULL
LT03-T|AI,SIM|OMS,60,3,2945,NULL,NULL,NULL,NULL,NULL,NULL,NULL,NULL,NULL,NULL,NULL
LT04-T|AI,SIM|OMS,60,4,2946,NULL,NULL,NULL,NULL,NULL,NULL,NULL,NULL,NULL,NULL,NULL
RU1CP-SP|AI,SIM|OMS,60,0,2959,NULL,NULL,NULL,NULL,NULL,NULL,NULL,NULL,NULL,NULL,NULL
RU1GP-SP|AI,SIM|OMS,60,0,2960,NULL,NULL,NULL,NULL,NULL,NULL,NULL,NULL,NULL,NULL,NULL
RU1FOP-SP|AI,SIM|OMS,60,0,2961,NULL,NULL,NULL,NULL,NULL,NULL,NULL,NULL,NULL,NULL,NULL
RU1JP-SP|AI,SIM|OMS,60,0,2962,NULL,NULL,NULL,NULL,NULL,NULL,NULL,NULL,NULL,NULL,NULL
RU1RFP-SP|AI,SIM|OMS,60,0,2963,NULL,NULL,NULL,NULL,NULL,NULL,NULL,NULL,NULL,NULL,NULL
RU1LRP-SP|AI,SIM|OMS,60,0,2964,NULL,NULL,NULL,NULL,NULL,NULL,NULL,NULL,NULL,NULL,NULL
RU1AP-SP|AI,SIM|OMS,60,0,2965,NULL,NULL,NULL,NULL,NULL,NULL,NULL,NULL,NULL,NULL,NULL
RU1LP-SP|AI,SIM|OMS,60,0,2966,NULL,NULL,NULL,NULL,NULL,NULL,NULL,NULL,NULL,NULL,NULL
RU2CP-SP|AI,SIM|OMS,60,0,2967,NULL,NULL,NULL,NULL,NULL,NULL,NULL,NULL,NULL,NULL,NULL
RU2GP-SP|AI,SIM|OMS,60,0,2968,NULL,NULL,NULL,NULL,NULL,NULL,NULL,NULL,NULL,NULL,NULL
RU2FOP-SP|AI,SIM|OMS,60,0,2969,NULL,NULL,NULL,NULL,NULL,NULL,NULL,NULL,NULL,NULL,NULL
RU2JP-SP|AI,SIM|OMS,60,0,2970,NULL,NULL,NULL,NULL,NULL,NULL,NULL,NULL,NULL,NULL,NULL
RU2RFP-SP|AI,SIM|OMS,60,0,2971,NULL,NULL,NULL,NULL,NULL,NULL,NULL,NULL,NULL,NULL,NULL
RU2LRP-SP|AI,SIM|OMS,60,0,2972,NULL,NULL,NULL,NULL,NULL,NULL,NULL,NULL,NULL,NULL,NULL
RU2AP-SP|AI,SIM|OMS,60,0,2973,NULL,NULL,NULL,NULL,NULL,NULL,NULL,NULL,NULL,NULL,NULL
RU2LP-SP|AI,SIM|OMS,60,0,2974,NULL,NULL,NULL,NULL,NULL,NULL,NULL,NULL,NULL,NULL,NULL
SB1P2-SP|AI,SIM|OMS,60,0,2975,NULL,NULL,NULL,NULL,NULL,NULL,NULL,NULL,NULL,NULL,NULL
SB1P3-SP|AI,SIM|OMS,60,0,2976,NULL,NULL,NULL,NULL,NULL,NULL,NULL,NULL,NULL,NULL,NULL
SB1P4-SP|AI,SIM|OMS,60,0,2977,NULL,NULL,NULL,NULL,NULL,NULL,NULL,NULL,NULL,NULL,NULL
SB2P1-SP|AI,SIM|OMS,60,0,2978,NULL,NULL,NULL,NULL,NULL,NULL,NULL,NULL,NULL,NULL,NULL
SB2P2-SP|AI,SIM|OMS,60,0,2979,NULL,NULL,NULL,NULL,NULL,NULL,NULL,NULL,NULL,NULL,NULL
SB2P3-SP|AI,SIM|OMS,60,0,2980,NULL,NULL,NULL,NULL,NULL,NULL,NULL,NULL,NULL,NULL,NULL
SB2P4-SP|AI,SIM|OMS,60,0,2981,NULL,NULL,NULL,NULL,NULL,NULL,NULL,NULL,NULL,NULL,NULL
RU1CP-PV|AI,SIM|OMS,60,0,2982,NULL,NULL,NULL,NULL,NULL,NULL,NULL,NULL,NULL,NULL,NULL
RU1GP-PV|AI,SIM|OMS,60,0,2983,NULL,NULL,NULL,NULL,NULL,NULL,NULL,NULL,NULL,NULL,NULL
RU1FOP-PV|AI,SIM|OMS,60,0,2984,NULL,NULL,NULL,NULL,NULL,NULL,NULL,NULL,NULL,NULL,NULL
RU1JP-PV|AI,SIM|OMS,60,0,2985,NULL,NULL,NULL,NULL,NULL,NULL,NULL,NULL,NULL,NULL,NULL
RU1RFP-PV|AI,SIM|OMS,60,0,2986,NULL,NULL,NULL,NULL,NULL,NULL,NULL,NULL,NULL,NULL,NULL
RU1LRP-PV|AI,SIM|OMS,60,0,2987,NULL,NULL,NULL,NULL,NULL,NULL,NULL,NULL,NULL,NULL,NULL
RU1AP-PV|AI,SIM|OMS,60,0,2988,NULL,NULL,NULL,NULL,NULL,NULL,NULL,NULL,NULL,NULL,NULL
RU1LP-PV|AI,SIM|OMS,60,0,2989,NULL,NULL,NULL,NULL,NULL,NULL,NULL,NULL,NULL,NULL,NULL
RU2CP-PV|AI,SIM|OMS,60,0,2990,NULL,NULL,NULL,NULL,NULL,NULL,NULL,NULL,NULL,NULL,NULL
RU2GP-PV|AI,SIM|OMS,60,0,2991,NULL,NULL,NULL,NULL,NULL,NULL,NULL,NULL,NULL,NULL,NULL
RU2FOP-PV|AI,SIM|OMS,60,0,2992,NULL,NULL,NULL,NULL,NULL,NULL,NULL,NULL,NULL,NULL,NULL
RU2JP-PV|AI,SIM|OMS,60,0,2993,NULL,NULL,NULL,NULL,NULL,NULL,NULL,NULL,NULL,NULL,NULL
RU2RFP-PV|AI,SIM|OMS,60,0,2994,NULL,NULL,NULL,NULL,NULL,NULL,NULL,NULL,NULL,NULL,NULL
RU2LRP-PV|AI,SIM|OMS,60,0,2995,NULL,NULL,NULL,NULL,NULL,NULL,NULL,NULL,NULL,NULL,NULL
RU2AP-PV|AI,SIM|OMS,60,0,2996,NULL,NULL,NULL,NULL,NULL,NULL,NULL,NULL,NULL,NULL,NULL
RU2LP-PV|AI,SIM|OMS,60,0,2997,NULL,NULL,NULL,NULL,NULL,NULL,NULL,NULL,NULL,NULL,NULL
SB1P2-PV|AI,SIM|OMS,60,0,2998,NULL,NULL,NULL,NULL,NULL,NULL,NULL,NULL,NULL,NULL,NULL
SB1P3-PV|AI,SIM|OMS,60,0,2999,NULL,NULL,NULL,NULL,NULL,NULL,NULL,NULL,NULL,NULL,NULL
SB1P4-PV|AI,SIM|OMS,60,0,3000,NULL,NULL,NULL,NULL,NULL,NULL,NULL,NULL,NULL,NULL,NULL
SB2P1-PV|AI,SIM|OMS,60,0,3001,NULL,NULL,NULL,NULL,NULL,NULL,NULL,NULL,NULL,NULL,NULL
SB2P2-PV|AI,SIM|OMS,60,0,3002,NULL,NULL,NULL,NULL,NULL,NULL,NULL,NULL,NULL,NULL,NULL
SB2P3-PV|AI,SIM|OMS,60,0,3003,NULL,NULL,NULL,NULL,NULL,NULL,NULL,NULL,NULL,NULL,NULL
SB2P4-PV|AI,SIM|OMS,60,0,3004,NULL,NULL,NULL,NULL,NULL,NULL,NULL,NULL,NULL,NULL,NULL
RU1CP-AO|AO,SIM|OMS,60,0,2959,2982,NULL,NULL,NULL,NULL,NULL,NULL,NULL,NULL,NULL,NULL
RU1GP-AO|AO,SIM|OMS,60,0,2960,2983,NULL,NULL,NULL,NULL,NULL,NULL,NULL,NULL,NULL,NULL
RU1FOP-AO|AO,SIM|OMS,60,0,2961,2984,NULL,NULL,NULL,NULL,NULL,NULL,NULL,NULL,NULL,NULL
RU1JP-AO|AO,SIM|OMS,60,0,2962,2985,NULL,NULL,NULL,NULL,NULL,NULL,NULL,NULL,NULL,NULL
RU1RFP-AO|AO,SIM|OMS,60,0,2963,2986,NULL,NULL,NULL,NULL,NULL,NULL,NULL,NULL,NULL,NULL
RU1LRP-AO|AO,SIM|OMS,60,0,2964,2987,NULL,NULL,NULL,NULL,NULL,NULL,NULL,NULL,NULL,NULL
RU1AP-AO|AO,SIM|OMS,60,0,2965,2988,NULL,NULL,NULL,NULL,NULL,NULL,NULL,NULL,NULL,NULL
RU1LP-AO|AO,SIM|OMS,60,0,2966,2989,NULL,NULL,NULL,NULL,NULL,NULL,NULL,NULL,NULL,NULL
RU2CP-AO|AO,SIM|OMS,60,0,2967,2990,NULL,NULL,NULL,NULL,NULL,NULL,NULL,NULL,NULL,NULL
RU2GP-AO|AO,SIM|OMS,60,0,2968,2991,NULL,NULL,NULL,NULL,NULL,NULL,NULL,NULL,NULL,NULL
RU2FOP-AO|AO,SIM|OMS,60,0,2969,2992,NULL,NULL,NULL,NULL,NULL,NULL,NULL,NULL,NULL,NULL
RU2JP-AO|AO,SIM|OMS,60,0,2970,2993,NULL,NULL,NULL,NULL,NULL,NULL,NULL,NULL,NULL,NULL
RU2RFP-AO|AO,SIM|OMS,60,0,2971,2994,NULL,NULL,NULL,NULL,NULL,NULL,NULL,NULL,NULL,NULL
RU2LRP-AO|AO,SIM|OMS,60,0,2972,2995,NULL,NULL,NULL,NULL,NULL,NULL,NULL,NULL,NULL,NULL
RU2AP-AO|AO,SIM|OMS,60,0,2973,2996,NULL,NULL,NULL,NULL,NULL,NULL,NULL,NULL,NULL,NULL
RU2LP-AO|AO,SIM|OMS,60,0,2974,2997,NULL,NULL,NULL,NULL,NULL,NULL,NULL,NULL,NULL,NULL
SB1P2-AO|AO,SIM|OMS,60,0,3021,NULL,NULL,NULL,NULL,NULL,NULL,NULL,NULL,NULL,NULL,NULL
SB1P3-AO|AO,SIM|OMS,60,0,3022,NULL,NULL,NULL,NULL,NULL,NULL,NULL,NULL,NULL,NULL,NULL
SB1P4-AO|AO,SIM|OMS,60,0,3023,NULL,NULL,NULL,NULL,NULL,NULL,NULL,NULL,NULL,NULL,NULL
SB2P1-AO|AO,SIM|OMS,60,0,3024,NULL,NULL,NULL,NULL,NULL,NULL,NULL,NULL,NULL,NULL,NULL
SB2P2-AO|AO,SIM|OMS,60,0,3025,NULL,NULL,NULL,NULL,NULL,NULL,NULL,NULL,NULL,NULL,NULL
SB2P3-AO|AO,SIM|OMS,60,0,3026,NULL,NULL,NULL,NULL,NULL,NULL,NULL,NULL,NULL,NULL,NULL
SB2P4-AO|AO,SIM|OMS,60,0,3027,NULL,NULL,NULL,NULL,NULL,NULL,NULL,NULL,NULL,NULL,NULL
RU1CP-DI|DI,SIM|OMS,60,0,3047,NULL,NULL,NULL,NULL,NULL,NULL,NULL,NULL,NULL,NULL,NULL
RU1GP-DI|DI,SIM|OMS,60,0,3048,NULL,NULL,NULL,NULL,NULL,NULL,NULL,NULL,NULL,NULL,NULL
RU1FOP-DI|DI,SIM|OMS,60,0,3049,NULL,NULL,NULL,NULL,NULL,NULL,NULL,NULL,NULL,NULL,NULL
RU1JP-DI|DI,SIM|OMS,60,0,3050,NULL,NULL,NULL,NULL,NULL,NULL,NULL,NULL,NULL,NULL,NULL
RU1RFP-DI|DI,SIM|OMS,60,0,3051,NULL,NULL,NULL,NULL,NULL,NULL,NULL,NULL,NULL,NULL,NULL
RU1LRP-DI|DI,SIM|OMS,60,0,3052,NULL,NULL,NULL,NULL,NULL,NULL,NULL,NULL,NULL,NULL,NULL
RU1AP-DI|DI,SIM|OMS,60,0,3053,NULL,NULL,NULL,NULL,NULL,NULL,NULL,NULL,NULL,NULL,NULL
RU1LP-DI|DI,SIM|OMS,60,0,3054,NULL,NULL,NULL,NULL,NULL,NULL,NULL,NULL,NULL,NULL,NULL
RU2CP-DI|DI,SIM|OMS,60,0,3055,NULL,NULL,NULL,NULL,NULL,NULL,NULL,NULL,NULL,NULL,NULL
RU2GP-DI|DI,SIM|OMS,60,0,3056,NULL,NULL,NULL,NULL,NULL,NULL,NULL,NULL,NULL,NULL,NULL
RU2FOP-DI|DI,SIM|OMS,60,0,3057,NULL,NULL,NULL,NULL,NULL,NULL,NULL,NULL,NULL,NULL,NULL
RU2JP-DI|DI,SIM|OMS,60,0,3058,NULL,NULL,NULL,NULL,NULL,NULL,NULL,NULL,NULL,NULL,NULL
RU2RFP-DI|DI,SIM|OMS,60,0,3059,NULL,NULL,NULL,NULL,NULL,NULL,NULL,NULL,NULL,NULL,NULL
RU2LRP-DI|DI,SIM|OMS,60,0,3060,NULL,NULL,NULL,NULL,NULL,NULL,NULL,NULL,NULL,NULL,NULL
RU2AP-DI|DI,SIM|OMS,60,0,3061,NULL,NULL,NULL,NULL,NULL,NULL,NULL,NULL,NULL,NULL,NULL
RU2LP-DI|DI,SIM|OMS,60,0,3062,NULL,NULL,NULL,NULL,NULL,NULL,NULL,NULL,NULL,NULL,NULL
SB1P2-DI|DI,SIM|OMS,60,0,3063,NULL,NULL,NULL,NULL,NULL,NULL,NULL,NULL,NULL,NULL,NULL
SB1P3-DI|DI,SIM|OMS,60,0,3064,NULL,NULL,NULL,NULL,NULL,NULL,NULL,NULL,NULL,NULL,NULL
SB1P4-DI|DI,SIM|OMS,60,0,3065,NULL,NULL,NULL,NULL,NULL,NULL,NULL,NULL,NULL,NULL,NULL
SB2P1-DI|DI,SIM|OMS,60,0,3066,NULL,NULL,NULL,NULL,NULL,NULL,NULL,NULL,NULL,NULL,NULL
SB2P2-DI|DI,SIM|OMS,60,0,3067,NULL,NULL,NULL,NULL,NULL,NULL,NULL,NULL,NULL,NULL,NULL
SB2P3-DI|DI,SIM|OMS,60,0,3068,NULL,NULL,NULL,NULL,NULL,NULL,NULL,NULL,NULL,NULL,NULL
SB2P4-DI|DI,SIM|OMS,60,0,3069,NULL,NULL,NULL,NULL,NULL,NULL,NULL,NULL,NULL,NULL,NULL
SB1P1-DI|DI,SIM|OMS,60,0,3070,NULL,NULL,NULL,NULL,NULL,NULL,NULL,NULL,NULL,NULL,NULL
TT2Here-DI|DI,SIM|OMS,60,0,3071,NULL,NULL,NULL,NULL,NULL,NULL,NULL,NULL,NULL,NULL,NULL
TT1Here-DI|DI,SIM|OMS,60,0,3072,NULL,NULL,NULL,NULL,NULL,NULL,NULL,NULL,NULL,NULL,NULL
TC1Here-DI|DI,SIM|OMS,60,0,3073,NULL,NULL,NULL,NULL,NULL,NULL,NULL,NULL,NULL,NULL,NULL
TC2Here-DI|DI,SIM|OMS,60,0,3074,NULL,NULL,NULL,NULL,NULL,NULL,NULL,NULL,NULL,NULL,NULL
TC3Here-DI|DI,SIM|OMS,60,0,3075,NULL,NULL,NULL,NULL,NULL,NULL,NULL,NULL,NULL,NULL,NULL
TC4Here-DI|DI,SIM|OMS,60,0,3076,NULL,NULL,NULL,NULL,NULL,NULL,NULL,NULL,NULL,NULL,NULL
TC5Here-DI|DI,SIM|OMS,60,0,3077,NULL,NULL,NULL,NULL,NULL,NULL,NULL,NULL,NULL,NULL,NULL
TC6Here-DI|DI,SIM|OMS,60,0,3078,NULL,NULL,NULL,NULL,NULL,NULL,NULL,NULL,NULL,NULL,NULL
Ship2-DI|DI,SIM|OMS,60,0,3079,NULL,NULL,NULL,NULL,NULL,NULL,NULL,NULL,NULL,NULL,NULL
Ship1-DI|DI,SIM|OMS,60,0,3080,NULL,NULL,NULL,NULL,NULL,NULL,NULL,NULL,NULL,NULL,NULL
Ship3-DI|DI,SIM|OMS,60,0,3081,NULL,NULL,NULL,NULL,NULL,NULL,NULL,NULL,NULL,NULL,NULL
Ship4-DI|DI,SIM|OMS,60,0,3082,NULL,NULL,NULL,NULL,NULL,NULL,NULL,NULL,NULL,NULL,NULL
CT01-PoDI|DI,SIM|OMS,60,0,3083,NULL,NULL,NULL,NULL,NULL,NULL,NULL,NULL,NULL,NULL,NULL
CT02-PoDI|DI,SIM|OMS,60,0,3084,NULL,NULL,NULL,NULL,NULL,NULL,NULL,NULL,NULL,NULL,NULL
CT03-PoDI|DI,SIM|OMS,60,0,3085,NULL,NULL,NULL,NULL,NULL,NULL,NULL,NULL,NULL,NULL,NULL
CT04-PoDI|DI,SIM|OMS,60,0,3086,NULL,NULL,NULL,NULL,NULL,NULL,NULL,NULL,NULL,NULL,NULL
CT05-PoDI|DI,SIM|OMS,60,0,3087,NULL,NULL,NULL,NULL,NULL,NULL,NULL,NULL,NULL,NULL,NULL
CT06-PoDI|DI,SIM|OMS,60,0,3088,NULL,NULL,NULL,NULL,NULL,NULL,NULL,NULL,NULL,NULL,NULL
CT07-PoDI|DI,SIM|OMS,60,0,3089,NULL,NULL,NULL,NULL,NULL,NULL,NULL,NULL,NULL,NULL,NULL
CT08-PoDI|DI,SIM|OMS,60,0,3090,NULL,NULL,NULL,NULL,NULL,NULL,NULL,NULL,NULL,NULL,NULL
CT09-PoDI|DI,SIM|OMS,60,0,3091,NULL,NULL,NULL,NULL,NULL,NULL,NULL,NULL,NULL,NULL,NULL
CT10-PoDI|DI,SIM|OMS,60,0,3092,NULL,NULL,NULL,NULL,NULL,NULL,NULL,NULL,NULL,NULL,NULL
CT11-PoDI|DI,SIM|OMS,60,0,3093,NULL,NULL,NULL,NULL,NULL,NULL,NULL,NULL,NULL,NULL,NULL
CT12-PoDI|DI,SIM|OMS,60,0,3094,NULL,NULL,NULL,NULL,NULL,NULL,NULL,NULL,NULL,NULL,NULL
CT01-ViDI|DI,SIM|OMS,60,0,3095,NULL,NULL,NULL,NULL,NULL,NULL,NULL,NULL,NULL,NULL,NULL
CT02-ViDI|DI,SIM|OMS,60,0,3096,NULL,NULL,NULL,NULL,NULL,NULL,NULL,NULL,NULL,NULL,NULL
CT03-ViDI|DI,SIM|OMS,60,0,3097,NULL,NULL,NULL,NULL,NULL,NULL,NULL,NULL,NULL,NULL,NULL
CT04-ViDI|DI,SIM|OMS,60,0,3098,NULL,NULL,NULL,NULL,NULL,NULL,NULL,NULL,NULL,NULL,NULL
CT05-ViDI|DI,SIM|OMS,60,0,3099,NULL,NULL,NULL,NULL,NULL,NULL,NULL,NULL,NULL,NULL,NULL
CT06-ViDI|DI,SIM|OMS,60,0,3100,NULL,NULL,NULL,NULL,NULL,NULL,NULL,NULL,NULL,NULL,NULL
CT07-ViDI|DI,SIM|OMS,60,0,3101,NULL,NULL,NULL,NULL,NULL,NULL,NULL,NULL,NULL,NULL,NULL
CT08-ViDI|DI,SIM|OMS,60,0,3102,NULL,NULL,NULL,NULL,NULL,NULL,NULL,NULL,NULL,NULL,NULL
CT09-ViDI|DI,SIM|OMS,60,0,3103,NULL,NULL,NULL,NULL,NULL,NULL,NULL,NULL,NULL,NULL,NULL
CT10-ViDI|DI,SIM|OMS,60,0,3104,NULL,NULL,NULL,NULL,NULL,NULL,NULL,NULL,NULL,NULL,NULL
CT11-ViDI|DI,SIM|OMS,60,0,3105,NULL,NULL,NULL,NULL,NULL,NULL,NULL,NULL,NULL,NULL,NULL
CT12-ViDI|DI,SIM|OMS,60,0,3106,NULL,NULL,NULL,NULL,NULL,NULL,NULL,NULL,NULL,NULL,NULL
FT01-Vi1DI|DI,SIM|OMS,60,0,3107,NULL,NULL,NULL,NULL,NULL,NULL,NULL,NULL,NULL,NULL,NULL
FT01-VoDI|DI,SIM|OMS,60,0,3108,NULL,NULL,NULL,NULL,NULL,NULL,NULL,NULL,NULL,NULL,NULL
FT01-PoDI|DI,SIM|OMS,60,0,3109,NULL,NULL,NULL,NULL,NULL,NULL,NULL,NULL,NULL,NULL,NULL
FT03-Vi1DI|DI,SIM|OMS,60,0,3113,NULL,NULL,NULL,NULL,NULL,NULL,NULL,NULL,NULL,NULL,NULL
FT03-VoDI|DI,SIM|OMS,60,0,3114,NULL,NULL,NULL,NULL,NULL,NULL,NULL,NULL,NULL,NULL,NULL
FT03-PoDI|DI,SIM|OMS,60,0,3115,NULL,NULL,NULL,NULL,NULL,NULL,NULL,NULL,NULL,NULL,NULL
FT04-Vi1DI|DI,SIM|OMS,60,0,3116,NULL,NULL,NULL,NULL,NULL,NULL,NULL,NULL,NULL,NULL,NULL
FT04-VoDI|DI,SIM|OMS,60,0,3117,NULL,NULL,NULL,NULL,NULL,NULL,NULL,NULL,NULL,NULL,NULL
FT04-PoDI|DI,SIM|OMS,60,0,3118,NULL,NULL,NULL,NULL,NULL,NULL,NULL,NULL,NULL,NULL,NULL
FT05-Vi1DI|DI,SIM|OMS,60,0,3119,NULL,NULL,NULL,NULL,NULL,NULL,NULL,NULL,NULL,NULL,NULL
FT05-VoDI|DI,SIM|OMS,60,0,3120,NULL,NULL,NULL,NULL,NULL,NULL,NULL,NULL,NULL,NULL,NULL
FT05-PoDI|DI,SIM|OMS,60,0,3121,NULL,NULL,NULL,NULL,NULL,NULL,NULL,NULL,NULL,NULL,NULL
FT06-Vi1DI|DI,SIM|OMS,60,0,3122,NULL,NULL,NULL,NULL,NULL,NULL,NULL,NULL,NULL,NULL,NULL
FT06-VoDI|DI,SIM|OMS,60,0,3123,NULL,NULL,NULL,NULL,NULL,NULL,NULL,NULL,NULL,NULL,NULL
FT06-PoDI|DI,SIM|OMS,60,0,3124,NULL,NULL,NULL,NULL,NULL,NULL,NULL,NULL,NULL,NULL,NULL
FT07-Vi1DI|DI,SIM|OMS,60,0,3125,NULL,NULL,NULL,NULL,NULL,NULL,NULL,NULL,NULL,NULL,NULL
FT07-VoDI|DI,SIM|OMS,60,0,3126,NULL,NULL,NULL,NULL,NULL,NULL,NULL,NULL,NULL,NULL,NULL
FT07-PoDI|DI,SIM|OMS,60,0,3127,NULL,NULL,NULL,NULL,NULL,NULL,NULL,NULL,NULL,NULL,NULL
FT08-Vi1DI|DI,SIM|OMS,60,0,3128,NULL,NULL,NULL,NULL,NULL,NULL,NULL,NULL,NULL,NULL,NULL
FT08-VoDI|DI,SIM|OMS,60,0,3129,NULL,NULL,NULL,NULL,NULL,NULL,NULL,NULL,NULL,NULL,NULL
FT08-PoDI|DI,SIM|OMS,60,0,3130,NULL,NULL,NULL,NULL,NULL,NULL,NULL,NULL,NULL,NULL,NULL
FT09-Vi1DI|DI,SIM|OMS,60,0,3131,NULL,NULL,NULL,NULL,NULL,NULL,NULL,NULL,NULL,NULL,NULL
FT09-VoDI|DI,SIM|OMS,60,0,3132,NULL,NULL,NULL,NULL,NULL,NULL,NULL,NULL,NULL,NULL,NULL
FT09-PoDI|DI,SIM|OMS,60,0,3133,NULL,NULL,NULL,NULL,NULL,NULL,NULL,NULL,NULL,NULL,NULL
FT10-Vi1DI|DI,SIM|OMS,60,0,3134,NULL,NULL,NULL,NULL,NULL,NULL,NULL,NULL,NULL,NULL,NULL
FT10-VoDI|DI,SIM|OMS,60,0,3135,NULL,NULL,NULL,NULL,NULL,NULL,NULL,NULL,NULL,NULL,NULL
FT10-PoDI|DI,SIM|OMS,60,0,3136,NULL,NULL,NULL,NULL,NULL,NULL,NULL,NULL,NULL,NULL,NULL
FT11-Vi1DI|DI,SIM|OMS,60,0,3137,NULL,NULL,NULL,NULL,NULL,NULL,NULL,NULL,NULL,NULL,NULL
FT11-VoDI|DI,SIM|OMS,60,0,3138,NULL,NULL,NULL,NULL,NULL,NULL,NULL,NULL,NULL,NULL,NULL
FT11-PoDI|DI,SIM|OMS,60,0,3139,NULL,NULL,NULL,NULL,NULL,NULL,NULL,NULL,NULL,NULL,NULL
GT01-PoDI|DI,SIM|OMS,60,0,3140,NULL,NULL,NULL,NULL,NULL,NULL,NULL,NULL,NULL,NULL,NULL
GT02-PoDI|DI,SIM|OMS,60,0,3141,NULL,NULL,NULL,NULL,NULL,NULL,NULL,NULL,NULL,NULL,NULL
GT03-PoDI|DI,SIM|OMS,60,0,3142,NULL,NULL,NULL,NULL,NULL,NULL,NULL,NULL,NULL,NULL,NULL
GT04-PoDI|DI,SIM|OMS,60,0,3143,NULL,NULL,NULL,NULL,NULL,NULL,NULL,NULL,NULL,NULL,NULL
GT05-PoDI|DI,SIM|OMS,60,0,3144,NULL,NULL,NULL,NULL,NULL,NULL,NULL,NULL,NULL,NULL,NULL
GT06-PoDI|DI,SIM|OMS,60,0,3145,NULL,NULL,NULL,NULL,NULL,NULL,NULL,NULL,NULL,NULL,NULL
GT07-PoDI|DI,SIM|OMS,60,0,3146,NULL,NULL,NULL,NULL,NULL,NULL,NULL,NULL,NULL,NULL,NULL
GT08-PoDI|DI,SIM|OMS,60,0,3147,NULL,NULL,NULL,NULL,NULL,NULL,NULL,NULL,NULL,NULL,NULL
GT09-PoDI|DI,SIM|OMS,60,0,3148,NULL,NULL,NULL,NULL,NULL,NULL,NULL,NULL,NULL,NULL,NULL
GT10-PoDI|DI,SIM|OMS,60,0,3149,NULL,NULL,NULL,NULL,NULL,NULL,NULL,NULL,NULL,NULL,NULL
GT11-PoDI|DI,SIM|OMS,60,0,3150,NULL,NULL,NULL,NULL,NULL,NULL,NULL,NULL,NULL,NULL,NULL
GT12-PoDI|DI,SIM|OMS,60,0,3151,NULL,NULL,NULL,NULL,NULL,NULL,NULL,NULL,NULL,NULL,NULL
GT13-PoDI|DI,SIM|OMS,60,0,3152,NULL,NULL,NULL,NULL,NULL,NULL,NULL,NULL,NULL,NULL,NULL
GT14-PoDI|DI,SIM|OMS,60,0,3153,NULL,NULL,NULL,NULL,NULL,NULL,NULL,NULL,NULL,NULL,NULL
GT15-PoDI|DI,SIM|OMS,60,0,3154,NULL,NULL,NULL,NULL,NULL,NULL,NULL,NULL,NULL,NULL,NULL
GT01-Vi1DI|DI,SIM|OMS,60,0,3155,NULL,NULL,NULL,NULL,NULL,NULL,NULL,NULL,NULL,NULL,NULL
GT02-Vi1DI|DI,SIM|OMS,60,0,3156,NULL,NULL,NULL,NULL,NULL,NULL,NULL,NULL,NULL,NULL,NULL
GT03-Vi1DI|DI,SIM|OMS,60,0,3157,NULL,NULL,NULL,NULL,NULL,NULL,NULL,NULL,NULL,NULL,NULL
GT04-Vi1DI|DI,SIM|OMS,60,0,3158,NULL,NULL,NULL,NULL,NULL,NULL,NULL,NULL,NULL,NULL,NULL
GT05-Vi1DI|DI,SIM|OMS,60,0,3159,NULL,NULL,NULL,NULL,NULL,NULL,NULL,NULL,NULL,NULL,NULL
GT06-Vi1DI|DI,SIM|OMS,60,0,3160,NULL,NULL,NULL,NULL,NULL,NULL,NULL,NULL,NULL,NULL,NULL
GT07-Vi1DI|DI,SIM|OMS,60,0,3161,NULL,NULL,NULL,NULL,NULL,NULL,NULL,NULL,NULL,NULL,NULL
GT08-Vi1DI|DI,SIM|OMS,60,0,3162,NULL,NULL,NULL,NULL,NULL,NULL,NULL,NULL,NULL,NULL,NULL
GT09-Vi1DI|DI,SIM|OMS,60,0,3163,NULL,NULL,NULL,NULL,NULL,NULL,NULL,NULL,NULL,NULL,NULL
GT10-Vi1DI|DI,SIM|OMS,60,0,3164,NULL,NULL,NULL,NULL,NULL,NULL,NULL,NULL,NULL,NULL,NULL
GT11-Vi1DI|DI,SIM|OMS,60,0,3165,NULL,NULL,NULL,NULL,NULL,NULL,NULL,NULL,NULL,NULL,NULL
GT12-Vi1DI|DI,SIM|OMS,60,0,3166,NULL,NULL,NULL,NULL,NULL,NULL,NULL,NULL,NULL,NULL,NULL
GT13-Vi1DI|DI,SIM|OMS,60,0,3167,NULL,NULL,NULL,NULL,NULL,NULL,NULL,NULL,NULL,NULL,NULL
GT14-Vi1DI|DI,SIM|OMS,60,0,3168,NULL,NULL,NULL,NULL,NULL,NULL,NULL,NULL,NULL,NULL,NULL
GT15-Vi1DI|DI,SIM|OMS,60,0,3169,NULL,NULL,NULL,NULL,NULL,NULL,NULL,NULL,NULL,NULL,NULL
GT01-VoDI|DI,SIM|OMS,60,0,3170,NULL,NULL,NULL,NULL,NULL,NULL,NULL,NULL,NULL,NULL,NULL
GT02-VoDI|DI,SIM|OMS,60,0,3171,NULL,NULL,NULL,NULL,NULL,NULL,NULL,NULL,NULL,NULL,NULL
GT03-VoDI|DI,SIM|OMS,60,0,3172,NULL,NULL,NULL,NULL,NULL,NULL,NULL,NULL,NULL,NULL,NULL
GT04-VoDI|DI,SIM|OMS,60,0,3173,NULL,NULL,NULL,NULL,NULL,NULL,NULL,NULL,NULL,NULL,NULL
GT05-VoDI|DI,SIM|OMS,60,0,3174,NULL,NULL,NULL,NULL,NULL,NULL,NULL,NULL,NULL,NULL,NULL
GT06-VoDI|DI,SIM|OMS,60,0,3175,NULL,NULL,NULL,NULL,NULL,NULL,NULL,NULL,NULL,NULL,NULL
GT07-VoDI|DI,SIM|OMS,60,0,3176,NULL,NULL,NULL,NULL,NULL,NULL,NULL,NULL,NULL,NULL,NULL
GT08-VoDI|DI,SIM|OMS,60,0,3177,NULL,NULL,NULL,NULL,NULL,NULL,NULL,NULL,NULL,NULL,NULL
GT09-VoDI|DI,SIM|OMS,60,0,3178,NULL,NULL,NULL,NULL,NULL,NULL,NULL,NULL,NULL,NULL,NULL
GT10-VoDI|DI,SIM|OMS,60,0,3179,NULL,NULL,NULL,NULL,NULL,NULL,NULL,NULL,NULL,NULL,NULL
GT11-VoDI|DI,SIM|OMS,60,0,3180,NULL,NULL,NULL,NULL,NULL,NULL,NULL,NULL,NULL,NULL,NULL
GT12-VoDI|DI,SIM|OMS,60,0,3181,NULL,NULL,NULL,NULL,NULL,NULL,NULL,NULL,NULL,NULL,NULL
GT13-VoDI|DI,SIM|OMS,60,0,3182,NULL,NULL,NULL,NULL,NULL,NULL,NULL,NULL,NULL,NULL,NULL
GT14-VoDI|DI,SIM|OMS,60,0,3183,NULL,NULL,NULL,NULL,NULL,NULL,NULL,NULL,NULL,NULL,NULL
GT15-VoDI|DI,SIM|OMS,60,0,3184,NULL,NULL,NULL,NULL,NULL,NULL,NULL,NULL,NULL,NULL,NULL
AT01-Vi1DI|DI,SIM|OMS,60,0,3185,NULL,NULL,NULL,NULL,NULL,NULL,NULL,NULL,NULL,NULL,NULL
AT02-Vi1DI|DI,SIM|OMS,60,0,3186,NULL,NULL,NULL,NULL,NULL,NULL,NULL,NULL,NULL,NULL,NULL
AT03-Vi1DI|DI,SIM|OMS,60,0,3187,NULL,NULL,NULL,NULL,NULL,NULL,NULL,NULL,NULL,NULL,NULL
AT04-Vi1DI|DI,SIM|OMS,60,0,3188,NULL,NULL,NULL,NULL,NULL,NULL,NULL,NULL,NULL,NULL,NULL
AT01-PoDI|DI,SIM|OMS,60,0,3189,NULL,NULL,NULL,NULL,NULL,NULL,NULL,NULL,NULL,NULL,NULL
AT01-VoDI|DI,SIM|OMS,60,0,3190,NULL,NULL,NULL,NULL,NULL,NULL,NULL,NULL,NULL,NULL,NULL
AT02-PoDI|DI,SIM|OMS,60,0,3191,NULL,NULL,NULL,NULL,NULL,NULL,NULL,NULL,NULL,NULL,NULL
AT02-VoDI|DI,SIM|OMS,60,0,3192,NULL,NULL,NULL,NULL,NULL,NULL,NULL,NULL,NULL,NULL,NULL
AT03-PoDI|DI,SIM|OMS,60,0,3193,NULL,NULL,NULL,NULL,NULL,NULL,NULL,NULL,NULL,NULL,NULL
AT03-VoDI|DI,SIM|OMS,60,0,3194,NULL,NULL,NULL,NULL,NULL,NULL,NULL,NULL,NULL,NULL,NULL
AT04-PoDI|DI,SIM|OMS,60,0,3195,NULL,NULL,NULL,NULL,NULL,NULL,NULL,NULL,NULL,NULL,NULL
AT04-VoDI|DI,SIM|OMS,60,0,3196,NULL,NULL,NULL,NULL,NULL,NULL,NULL,NULL,NULL,NULL,NULL
JT01-Vi1DI|DI,SIM|OMS,60,0,3197,NULL,NULL,NULL,NULL,NULL,NULL,NULL,NULL,NULL,NULL,NULL
JT02-Vi1DI|DI,SIM|OMS,60,0,3198,NULL,NULL,NULL,NULL,NULL,NULL,NULL,NULL,NULL,NULL,NULL
JT03-Vi1DI|DI,SIM|OMS,60,0,3199,NULL,NULL,NULL,NULL,NULL,NULL,NULL,NULL,NULL,NULL,NULL
JT04-Vi1DI|DI,SIM|OMS,60,0,3200,NULL,NULL,NULL,NULL,NULL,NULL,NULL,NULL,NULL,NULL,NULL
JT06-Vi1DI|DI,SIM|OMS,60,0,3201,NULL,NULL,NULL,NULL,NULL,NULL,NULL,NULL,NULL,NULL,NULL
JT06-ViDI|DI,SIM|OMS,60,0,3202,NULL,NULL,NULL,NULL,NULL,NULL,NULL,NULL,NULL,NULL,NULL
JT07-Vi1DI|DI,SIM|OMS,60,0,3203,NULL,NULL,NULL,NULL,NULL,NULL,NULL,NULL,NULL,NULL,NULL
JT08-Vi1DI|DI,SIM|OMS,60,0,3204,NULL,NULL,NULL,NULL,NULL,NULL,NULL,NULL,NULL,NULL,NULL
JT09-Vi1DI|DI,SIM|OMS,60,0,3205,NULL,NULL,NULL,NULL,NULL,NULL,NULL,NULL,NULL,NULL,NULL
JT10-Vi1DI|DI,SIM|OMS,60,0,3206,NULL,NULL,NULL,NULL,NULL,NULL,NULL,NULL,NULL,NULL,NULL
JT11-Vi1DI|DI,SIM|OMS,60,0,3207,NULL,NULL,NULL,NULL,NULL,NULL,NULL,NULL,NULL,NULL,NULL
JT12-Vi1DI|DI,SIM|OMS,60,0,3208,NULL,NULL,NULL,NULL,NULL,NULL,NULL,NULL,NULL,NULL,NULL
JT01-PoDI|DI,SIM|OMS,60,0,3209,NULL,NULL,NULL,NULL,NULL,NULL,NULL,NULL,NULL,NULL,NULL
JT01-VoDI|DI,SIM|OMS,60,0,3210,NULL,NULL,NULL,NULL,NULL,NULL,NULL,NULL,NULL,NULL,NULL
JT02-PoDI|DI,SIM|OMS,60,0,3211,NULL,NULL,NULL,NULL,NULL,NULL,NULL,NULL,NULL,NULL,NULL
JT02-VoDI|DI,SIM|OMS,60,0,3212,NULL,NULL,NULL,NULL,NULL,NULL,NULL,NULL,NULL,NULL,NULL
JT03-PoDI|DI,SIM|OMS,60,0,3213,NULL,NULL,NULL,NULL,NULL,NULL,NULL,NULL,NULL,NULL,NULL
JT03-VoDI|DI,SIM|OMS,60,0,3214,NULL,NULL,NULL,NULL,NULL,NULL,NULL,NULL,NULL,NULL,NULL
JT04-PoDI|DI,SIM|OMS,60,0,3215,NULL,NULL,NULL,NULL,NULL,NULL,NULL,NULL,NULL,NULL,NULL
JT04-VoDI|DI,SIM|OMS,60,0,3216,NULL,NULL,NULL,NULL,NULL,NULL,NULL,NULL,NULL,NULL,NULL
JT05-PoDI|DI,SIM|OMS,60,0,3217,NULL,NULL,NULL,NULL,NULL,NULL,NULL,NULL,NULL,NULL,NULL
JT05-VoDI|DI,SIM|OMS,60,0,3218,NULL,NULL,NULL,NULL,NULL,NULL,NULL,NULL,NULL,NULL,NULL
JT06-PoDI|DI,SIM|OMS,60,0,3219,NULL,NULL,NULL,NULL,NULL,NULL,NULL,NULL,NULL,NULL,NULL
JT06-VoDI|DI,SIM|OMS,60,0,3220,NULL,NULL,NULL,NULL,NULL,NULL,NULL,NULL,NULL,NULL,NULL
JT07-PoDI|DI,SIM|OMS,60,0,3221,NULL,NULL,NULL,NULL,NULL,NULL,NULL,NULL,NULL,NULL,NULL
JT07-VoDI|DI,SIM|OMS,60,0,3222,NULL,NULL,NULL,NULL,NULL,NULL,NULL,NULL,NULL,NULL,NULL
JT08-PoDI|DI,SIM|OMS,60,0,3223,NULL,NULL,NULL,NULL,NULL,NULL,NULL,NULL,NULL,NULL,NULL
JT08-VoDI|DI,SIM|OMS,60,0,3224,NULL,NULL,NULL,NULL,NULL,NULL,NULL,NULL,NULL,NULL,NULL
JT09-PoDI|DI,SIM|OMS,60,0,3225,NULL,NULL,NULL,NULL,NULL,NULL,NULL,NULL,NULL,NULL,NULL
JT09-VoDI|DI,SIM|OMS,60,0,3226,NULL,NULL,NULL,NULL,NULL,NULL,NULL,NULL,NULL,NULL,NULL
JT10-PoDI|DI,SIM|OMS,60,0,3227,NULL,NULL,NULL,NULL,NULL,NULL,NULL,NULL,NULL,NULL,NULL
JT10-VoDI|DI,SIM|OMS,60,0,3228,NULL,NULL,NULL,NULL,NULL,NULL,NULL,NULL,NULL,NULL,NULL
JT11-PoDI|DI,SIM|OMS,60,0,3229,NULL,NULL,NULL,NULL,NULL,NULL,NULL,NULL,NULL,NULL,NULL
JT11-VoDI|DI,SIM|OMS,60,0,3230,NULL,NULL,NULL,NULL,NULL,NULL,NULL,NULL,NULL,NULL,NULL
JT12-PoDI|DI,SIM|OMS,60,0,3231,NULL,NULL,NULL,NULL,NULL,NULL,NULL,NULL,NULL,NULL,NULL
JT12-VoDI|DI,SIM|OMS,60,0,3232,NULL,NULL,NULL,NULL,NULL,NULL,NULL,NULL,NULL,NULL,NULL
LT01-Vi1DI|DI,SIM|OMS,60,0,3233,NULL,NULL,NULL,NULL,NULL,NULL,NULL,NULL,NULL,NULL,NULL
LT02-Vi1DI|DI,SIM|OMS,60,0,3234,NULL,NULL,NULL,NULL,NULL,NULL,NULL,NULL,NULL,NULL,NULL
LT03-Vi1DI|DI,SIM|OMS,60,0,3235,NULL,NULL,NULL,NULL,NULL,NULL,NULL,NULL,NULL,NULL,NULL
LT04-Vi1DI|DI,SIM|OMS,60,0,3236,NULL,NULL,NULL,NULL,NULL,NULL,NULL,NULL,NULL,NULL,NULL
LT01-PoDI|DI,SIM|OMS,60,0,3237,NULL,NULL,NULL,NULL,NULL,NULL,NULL,NULL,NULL,NULL,NULL
LT01-VoDI|DI,SIM|OMS,60,0,3238,NULL,NULL,NULL,NULL,NULL,NULL,NULL,NULL,NULL,NULL,NULL
LT02-PoDI|DI,SIM|OMS,60,0,3239,NULL,NULL,NULL,NULL,NULL,NULL,NULL,NULL,NULL,NULL,NULL
LT02-VoDI|DI,SIM|OMS,60,0,3240,NULL,NULL,NULL,NULL,NULL,NULL,NULL,NULL,NULL,NULL,NULL
LT03-PoDI|DI,SIM|OMS,60,0,3241,NULL,NULL,NULL,NULL,NULL,NULL,NULL,NULL,NULL,NULL,NULL
LT03-VoDI|DI,SIM|OMS,60,0,3242,NULL,NULL,NULL,NULL,NULL,NULL,NULL,NULL,NULL,NULL,NULL
LT04-PoDI|DI,SIM|OMS,60,0,3243,NULL,NULL,NULL,NULL,NULL,NULL,NULL,NULL,NULL,NULL,NULL
LT04-VoDI|DI,SIM|OMS,60,0,3244,NULL,NULL,NULL,NULL,NULL,NULL,NULL,NULL,NULL,NULL,NULL
NT01-Vi1DI|DI,SIM|OMS,60,0,3245,NULL,NULL,NULL,NULL,NULL,NULL,NULL,NULL,NULL,NULL,NULL
NT02-Vi1DI|DI,SIM|OMS,60,0,3246,NULL,NULL,NULL,NULL,NULL,NULL,NULL,NULL,NULL,NULL,NULL
NT03-Vi1DI|DI,SIM|OMS,60,0,3247,NULL,NULL,NULL,NULL,NULL,NULL,NULL,NULL,NULL,NULL,NULL
NT04-Vi1DI|DI,SIM|OMS,60,0,3248,NULL,NULL,NULL,NULL,NULL,NULL,NULL,NULL,NULL,NULL,NULL
NT01-PoDI|DI,SIM|OMS,60,0,3249,NULL,NULL,NULL,NULL,NULL,NULL,NULL,NULL,NULL,NULL,NULL
NT01-VoDI|DI,SIM|OMS,60,0,3250,NULL,NULL,NULL,NULL,NULL,NULL,NULL,NULL,NULL,NULL,NULL
NT02-PoDI|DI,SIM|OMS,60,0,3251,NULL,NULL,NULL,NULL,NULL,NULL,NULL,NULL,NULL,NULL,NULL
NT02-VoDI|DI,SIM|OMS,60,0,3252,NULL,NULL,NULL,NULL,NULL,NULL,NULL,NULL,NULL,NULL,NULL
NT03-PoDI|DI,SIM|OMS,60,0,3253,NULL,NULL,NULL,NULL,NULL,NULL,NULL,NULL,NULL,NULL,NULL
NT03-VoDI|DI,SIM|OMS,60,0,3254,NULL,NULL,NULL,NULL,NULL,NULL,NULL,NULL,NULL,NULL,NULL
NT04-PoDI|DI,SIM|OMS,60,0,3255,NULL,NULL,NULL,NULL,NULL,NULL,NULL,NULL,NULL,NULL,NULL
NT04-VoDI|DI,SIM|OMS,60,0,3256,NULL,NULL,NULL,NULL,NULL,NULL,NULL,NULL,NULL,NULL,NULL
WT01-Vi1DI|DI,SIM|OMS,60,0,3257,NULL,NULL,NULL,NULL,NULL,NULL,NULL,NULL,NULL,NULL,NULL
WT02-Vi1DI|DI,SIM|OMS,60,0,3258,NULL,NULL,NULL,NULL,NULL,NULL,NULL,NULL,NULL,NULL,NULL
WT03-Vi1DI|DI,SIM|OMS,60,0,3259,NULL,NULL,NULL,NULL,NULL,NULL,NULL,NULL,NULL,NULL,NULL
WT01-PoDI|DI,SIM|OMS,60,0,3260,NULL,NULL,NULL,NULL,NULL,NULL,NULL,NULL,NULL,NULL,NULL
WT01-VoDI|DI,SIM|OMS,60,0,3261,NULL,NULL,NULL,NULL,NULL,NULL,NULL,NULL,NULL,NULL,NULL
WT02-PoDI|DI,SIM|OMS,60,0,3262,NULL,NULL,NULL,NULL,NULL,NULL,NULL,NULL,NULL,NULL,NULL
WT02-VoDI|DI,SIM|OMS,60,0,3263,NULL,NULL,NULL,NULL,NULL,NULL,NULL,NULL,NULL,NULL,NULL
WT03-PoDI|DI,SIM|OMS,60,0,3264,NULL,NULL,NULL,NULL,NULL,NULL,NULL,NULL,NULL,NULL,NULL
WT03-VoDI|DI,SIM|OMS,60,0,3265,NULL,NULL,NULL,NULL,NULL,NULL,NULL,NULL,NULL,NULL,NULL
CT011-VoDI|DI,SIM|OMS,60,0,3266,NULL,NULL,NULL,NULL,NULL,NULL,NULL,NULL,NULL,NULL,NULL
CT021-VoDI|DI,SIM|OMS,60,0,3267,NULL,NULL,NULL,NULL,NULL,NULL,NULL,NULL,NULL,NULL,NULL
CT031-VoDI|DI,SIM|OMS,60,0,3268,NULL,NULL,NULL,NULL,NULL,NULL,NULL,NULL,NULL,NULL,NULL
CT041-VoDI|DI,SIM|OMS,60,0,3269,NULL,NULL,NULL,NULL,NULL,NULL,NULL,NULL,NULL,NULL,NULL
CT051-VoDI|DI,SIM|OMS,60,0,3270,NULL,NULL,NULL,NULL,NULL,NULL,NULL,NULL,NULL,NULL,NULL
CT061-VoDI|DI,SIM|OMS,60,0,3271,NULL,NULL,NULL,NULL,NULL,NULL,NULL,NULL,NULL,NULL,NULL
CT071-VoDI|DI,SIM|OMS,60,0,3272,NULL,NULL,NULL,NULL,NULL,NULL,NULL,NULL,NULL,NULL,NULL
CT081-VoDI|DI,SIM|OMS,60,0,3273,NULL,NULL,NULL,NULL,NULL,NULL,NULL,NULL,NULL,NULL,NULL
CT091-VoDI|DI,SIM|OMS,60,0,3274,NULL,NULL,NULL,NULL,NULL,NULL,NULL,NULL,NULL,NULL,NULL
CT101-VoDI|DI,SIM|OMS,60,0,3275,NULL,NULL,NULL,NULL,NULL,NULL,NULL,NULL,NULL,NULL,NULL
CT111-VoDI|DI,SIM|OMS,60,0,3276,NULL,NULL,NULL,NULL,NULL,NULL,NULL,NULL,NULL,NULL,NULL
CT121-VoDI|DI,SIM|OMS,60,0,3277,NULL,NULL,NULL,NULL,NULL,NULL,NULL,NULL,NULL,NULL,NULL
PV11-DI|DI,SIM|OMS,60,0,3278,NULL,NULL,NULL,NULL,NULL,NULL,NULL,NULL,NULL,NULL,NULL
PV21-DI|DI,SIM|OMS,60,0,3279,NULL,NULL,NULL,NULL,NULL,NULL,NULL,NULL,NULL,NULL,NULL
PV12-DI|DI,SIM|OMS,60,0,3280,NULL,NULL,NULL,NULL,NULL,NULL,NULL,NULL,NULL,NULL,NULL
PV22-DI|DI,SIM|OMS,60,0,3281,NULL,NULL,NULL,NULL,NULL,NULL,NULL,NULL,NULL,NULL,NULL
PV13-DI|DI,SIM|OMS,60,0,3282,NULL,NULL,NULL,NULL,NULL,NULL,NULL,NULL,NULL,NULL,NULL
PV23-DI|DI,SIM|OMS,60,0,3283,NULL,NULL,NULL,NULL,NULL,NULL,NULL,NULL,NULL,NULL,NULL
CT012-VoDI|DI,SIM|OMS,60,0,3284,NULL,NULL,NULL,NULL,NULL,NULL,NULL,NULL,NULL,NULL,NULL
CT022-VoDI|DI,SIM|OMS,60,0,3285,NULL,NULL,NULL,NULL,NULL,NULL,NULL,NULL,NULL,NULL,NULL
CT032-VoDI|DI,SIM|OMS,60,0,3286,NULL,NULL,NULL,NULL,NULL,NULL,NULL,NULL,NULL,NULL,NULL
CT042-VoDI|DI,SIM|OMS,60,0,3287,NULL,NULL,NULL,NULL,NULL,NULL,NULL,NULL,NULL,NULL,NULL
CT052-VoDI|DI,SIM|OMS,60,0,3288,NULL,NULL,NULL,NULL,NULL,NULL,NULL,NULL,NULL,NULL,NULL
CT062-VoDI|DI,SIM|OMS,60,0,3289,NULL,NULL,NULL,NULL,NULL,NULL,NULL,NULL,NULL,NULL,NULL
CT072-VoDI|DI,SIM|OMS,60,0,3290,NULL,NULL,NULL,NULL,NULL,NULL,NULL,NULL,NULL,NULL,NULL
CT082-VoDI|DI,SIM|OMS,60,0,3291,NULL,NULL,NULL,NULL,NULL,NULL,NULL,NULL,NULL,NULL,NULL
CT092-VoDI|DI,SIM|OMS,60,0,3292,NULL,NULL,NULL,NULL,NULL,NULL,NULL,NULL,NULL,NULL,NULL
CT102-VoDI|DI,SIM|OMS,60,0,3293,NULL,NULL,NULL,NULL,NULL,NULL,NULL,NULL,NULL,NULL,NULL
CT112-VoDI|DI,SIM|OMS,60,0,3294,NULL,NULL,NULL,NULL,NULL,NULL,NULL,NULL,NULL,NULL,NULL
CT122-VoDI|DI,SIM|OMS,60,0,3295,NULL,NULL,NULL,NULL,NULL,NULL,NULL,NULL,NULL,NULL,NULL
Com011-DI|DI,SIM|OMS,60,0,3296,NULL,NULL,NULL,NULL,NULL,NULL,NULL,NULL,NULL,NULL,NULL
Com013-DI|DI,SIM|OMS,60,0,3297,NULL,NULL,NULL,NULL,NULL,NULL,NULL,NULL,NULL,NULL,NULL
Com015-DI|DI,SIM|OMS,60,0,3298,NULL,NULL,NULL,NULL,NULL,NULL,NULL,NULL,NULL,NULL,NULL
Com021-DI|DI,SIM|OMS,60,0,3299,NULL,NULL,NULL,NULL,NULL,NULL,NULL,NULL,NULL,NULL,NULL
Com023-DI|DI,SIM|OMS,60,0,3300,NULL,NULL,NULL,NULL,NULL,NULL,NULL,NULL,NULL,NULL,NULL
Com025-DI|DI,SIM|OMS,60,0,3301,NULL,NULL,NULL,NULL,NULL,NULL,NULL,NULL,NULL,NULL,NULL
Com012-DI|DI,SIM|OMS,60,0,3302,NULL,NULL,NULL,NULL,NULL,NULL,NULL,NULL,NULL,NULL,NULL
Com014-DI|DI,SIM|OMS,60,0,3303,NULL,NULL,NULL,NULL,NULL,NULL,NULL,NULL,NULL,NULL,NULL
Com016-DI|DI,SIM|OMS,60,0,3304,NULL,NULL,NULL,NULL,NULL,NULL,NULL,NULL,NULL,NULL,NULL
Com022-DI|DI,SIM|OMS,60,0,3305,NULL,NULL,NULL,NULL,NULL,NULL,NULL,NULL,NULL,NULL,NULL
Com024-DI|DI,SIM|OMS,60,0,3306,NULL,NULL,NULL,NULL,NULL,NULL,NULL,NULL,NULL,NULL,NULL
Com026-DI|DI,SIM|OMS,60,0,3307,NULL,NULL,NULL,NULL,NULL,NULL,NULL,NULL,NULL,NULL,NULL
RU1-OnOff|DI,SIM|OMS,60,0,3308,NULL,NULL,NULL,NULL,NULL,NULL,NULL,NULL,NULL,NULL,NULL
RU2-OnOff|DI,SIM|OMS,60,0,3309,NULL,NULL,NULL,NULL,NULL,NULL,NULL,NULL,NULL,NULL,NULL
RU1-3-DI|DI,SIM|OMS,60,0,3310,NULL,NULL,NULL,NULL,NULL,NULL,NULL,NULL,NULL,NULL,NULL
RU1-4-DI|DI,SIM|OMS,60,0,3311,NULL,NULL,NULL,NULL,NULL,NULL,NULL,NULL,NULL,NULL,NULL
RU2-3-DI|DI,SIM|OMS,60,0,3312,NULL,NULL,NULL,NULL,NULL,NULL,NULL,NULL,NULL,NULL,NULL
RU2-4-DI|DI,SIM|OMS,60,0,3313,NULL,NULL,NULL,NULL,NULL,NULL,NULL,NULL,NULL,NULL,NULL
RU2-2-DI|DI,SIM|OMS,60,0,3314,NULL,NULL,NULL,NULL,NULL,NULL,NULL,NULL,NULL,NULL,NULL
RU1-2-DI|DI,SIM|OMS,60,0,3315,NULL,NULL,NULL,NULL,NULL,NULL,NULL,NULL,NULL,NULL,NULL
D12-DI|DI,SIM|OMS,60,0,3316,NULL,NULL,NULL,NULL,NULL,NULL,NULL,NULL,NULL,NULL,NULL
D123-DI|DI,SIM|OMS,60,0,3317,NULL,NULL,NULL,NULL,NULL,NULL,NULL,NULL,NULL,NULL,NULL
D1234-DI|DI,SIM|OMS,60,0,3318,NULL,NULL,NULL,NULL,NULL,NULL,NULL,NULL,NULL,NULL,NULL
RU1CP-DO|DO,SIM|OMS,60,0,3047,NULL,NULL,NULL,NULL,NULL,NULL,NULL,NULL,NULL,NULL,NULL
RU1GP-DO|DO,SIM|OMS,60,0,3048,NULL,NULL,NULL,NULL,NULL,NULL,NULL,NULL,NULL,NULL,NULL
RU1FOP-DO|DO,SIM|OMS,60,0,3049,NULL,NULL,NULL,NULL,NULL,NULL,NULL,NULL,NULL,NULL,NULL
RU1JP-DO|DO,SIM|OMS,60,0,3050,NULL,NULL,NULL,NULL,NULL,NULL,NULL,NULL,NULL,NULL,NULL
RU1RFP-DO|DO,SIM|OMS,60,0,3051,NULL,NULL,NULL,NULL,NULL,NULL,NULL,NULL,NULL,NULL,NULL
RU1LRP-DO|DO,SIM|OMS,60,0,3052,NULL,NULL,NULL,NULL,NULL,NULL,NULL,NULL,NULL,NULL,NULL
RU1AP-DO|DO,SIM|OMS,60,0,3053,NULL,NULL,NULL,NULL,NULL,NULL,NULL,NULL,NULL,NULL,NULL
RU1LP-DO|DO,SIM|OMS,60,0,3054,NULL,NULL,NULL,NULL,NULL,NULL,NULL,NULL,NULL,NULL,NULL
RU2CP-DO|DO,SIM|OMS,60,0,3055,NULL,NULL,NULL,NULL,NULL,NULL,NULL,NULL,NULL,NULL,NULL
RU2GP-DO|DO,SIM|OMS,60,0,3328,NULL,NULL,NULL,NULL,NULL,NULL,NULL,NULL,NULL,NULL,NULL
RU2FOP-DO|DO,SIM|OMS,60,0,3057,NULL,NULL,NULL,NULL,NULL,NULL,NULL,NULL,NULL,NULL,NULL
RU2JP-DO|DO,SIM|OMS,60,0,3058,NULL,NULL,NULL,NULL,NULL,NULL,NULL,NULL,NULL,NULL,NULL
RU2RFP-DO|DO,SIM|OMS,60,0,3059,NULL,NULL,NULL,NULL,NULL,NULL,NULL,NULL,NULL,NULL,NULL
RU2LRP-DO|DO,SIM|OMS,60,0,3060,NULL,NULL,NULL,NULL,NULL,NULL,NULL,NULL,NULL,NULL,NULL
RU2AP-DO|DO,SIM|OMS,60,0,3061,NULL,NULL,NULL,NULL,NULL,NULL,NULL,NULL,NULL,NULL,NULL
RU2LP-DO|DO,SIM|OMS,60,0,3062,NULL,NULL,NULL,NULL,NULL,NULL,NULL,NULL,NULL,NULL,NULL
SB1P2-DO|DO,SIM|OMS,60,0,3063,NULL,NULL,NULL,NULL,NULL,NULL,NULL,NULL,NULL,NULL,NULL
SB1P3-DO|DO,SIM|OMS,60,0,3064,NULL,NULL,NULL,NULL,NULL,NULL,NULL,NULL,NULL,NULL,NULL
SB1P4-DO|DO,SIM|OMS,60,0,3065,NULL,NULL,NULL,NULL,NULL,NULL,NULL,NULL,NULL,NULL,NULL
SB2P1-DO|DO,SIM|OMS,60,0,3066,NULL,NULL,NULL,NULL,NULL,NULL,NULL,NULL,NULL,NULL,NULL
SB2P2-DO|DO,SIM|OMS,60,0,3067,NULL,NULL,NULL,NULL,NULL,NULL,NULL,NULL,NULL,NULL,NULL
SB2P3-DO|DO,SIM|OMS,60,0,3340,NULL,NULL,NULL,NULL,NULL,NULL,NULL,NULL,NULL,NULL,NULL
SB2P4-DO|DO,SIM|OMS,60,0,3069,NULL,NULL,NULL,NULL,NULL,NULL,NULL,NULL,NULL,NULL,NULL
SB1P1-DO|DO,SIM|OMS,60,0,3070,NULL,NULL,NULL,NULL,NULL,NULL,NULL,NULL,NULL,NULL,NULL
CT01-PoDO|DO,SIM|OMS,60,0,3083,NULL,NULL,NULL,NULL,NULL,NULL,NULL,NULL,NULL,NULL,NULL
CT02-PoDO|DO,SIM|OMS,60,0,3084,NULL,NULL,NULL,NULL,NULL,NULL,NULL,NULL,NULL,NULL,NULL
CT03-PoDO|DO,SIM|OMS,60,0,3085,NULL,NULL,NULL,NULL,NULL,NULL,NULL,NULL,NULL,NULL,NULL
CT04-PoDO|DO,SIM|OMS,60,0,3086,NULL,NULL,NULL,NULL,NULL,NULL,NULL,NULL,NULL,NULL,NULL
CT05-PoDO|DO,SIM|OMS,60,0,3087,NULL,NULL,NULL,NULL,NULL,NULL,NULL,NULL,NULL,NULL,NULL
CT06-PoDO|DO,SIM|OMS,60,0,3088,NULL,NULL,NULL,NULL,NULL,NULL,NULL,NULL,NULL,NULL,NULL
CT07-PoDO|DO,SIM|OMS,60,0,3089,NULL,NULL,NULL,NULL,NULL,NULL,NULL,NULL,NULL,NULL,NULL
CT08-PoDO|DO,SIM|OMS,60,0,3090,NULL,NULL,NULL,NULL,NULL,NULL,NULL,NULL,NULL,NULL,NULL
CT09-PoDO|DO,SIM|OMS,60,0,3091,NULL,NULL,NULL,NULL,NULL,NULL,NULL,NULL,NULL,NULL,NULL
CT10-PoDO|DO,SIM|OMS,60,0,3092,NULL,NULL,NULL,NULL,NULL,NULL,NULL,NULL,NULL,NULL,NULL
CT11-PoDO|DO,SIM|OMS,60,0,3093,NULL,NULL,NULL,NULL,NULL,NULL,NULL,NULL,NULL,NULL,NULL
CT12-PoDO|DO,SIM|OMS,60,0,3094,NULL,NULL,NULL,NULL,NULL,NULL,NULL,NULL,NULL,NULL,NULL
CT011-VoDO|DO,SIM|OMS,60,0,3266,NULL,NULL,NULL,NULL,NULL,NULL,NULL,NULL,NULL,NULL,NULL
CT021-VoDO|DO,SIM|OMS,60,0,3267,NULL,NULL,NULL,NULL,NULL,NULL,NULL,NULL,NULL,NULL,NULL
CT031-VoDO|DO,SIM|OMS,60,0,3268,NULL,NULL,NULL,NULL,NULL,NULL,NULL,NULL,NULL,NULL,NULL
CT041-VoDO|DO,SIM|OMS,60,0,3269,NULL,NULL,NULL,NULL,NULL,NULL,NULL,NULL,NULL,NULL,NULL
CT051-VoDO|DO,SIM|OMS,60,0,3270,NULL,NULL,NULL,NULL,NULL,NULL,NULL,NULL,NULL,NULL,NULL
CT061-VoDO|DO,SIM|OMS,60,0,3271,NULL,NULL,NULL,NULL,NULL,NULL,NULL,NULL,NULL,NULL,NULL
CT071-VoDO|DO,SIM|OMS,60,0,3272,NULL,NULL,NULL,NULL,NULL,NULL,NULL,NULL,NULL,NULL,NULL
CT081-VoDO|DO,SIM|OMS,60,0,3273,NULL,NULL,NULL,NULL,NULL,NULL,NULL,NULL,NULL,NULL,NULL
CT091-VoDO|DO,SIM|OMS,60,0,3274,NULL,NULL,NULL,NULL,NULL,NULL,NULL,NULL,NULL,NULL,NULL
CT101-VoDO|DO,SIM|OMS,60,0,3275,NULL,NULL,NULL,NULL,NULL,NULL,NULL,NULL,NULL,NULL,NULL
CT111-VoDO|DO,SIM|OMS,60,0,3276,NULL,NULL,NULL,NULL,NULL,NULL,NULL,NULL,NULL,NULL,NULL
CT121-VoDO|DO,SIM|OMS,60,0,3277,NULL,NULL,NULL,NULL,NULL,NULL,NULL,NULL,NULL,NULL,NULL
PV11-DO|DO,SIM|OMS,60,0,3367,NULL,NULL,NULL,NULL,NULL,NULL,NULL,NULL,NULL,NULL,NULL
PV21-DO|DO,SIM|OMS,60,0,3368,NULL,NULL,NULL,NULL,NULL,NULL,NULL,NULL,NULL,NULL,NULL
PV12-DO|DO,SIM|OMS,60,0,3369,NULL,NULL,NULL,NULL,NULL,NULL,NULL,NULL,NULL,NULL,NULL
PV22-DO|DO,SIM|OMS,60,0,3370,NULL,NULL,NULL,NULL,NULL,NULL,NULL,NULL,NULL,NULL,NULL
PV13-DO|DO,SIM|OMS,60,0,3371,NULL,NULL,NULL,NULL,NULL,NULL,NULL,NULL,NULL,NULL,NULL
PV23-DO|DO,SIM|OMS,60,0,3372,NULL,NULL,NULL,NULL,NULL,NULL,NULL,NULL,NULL,NULL,NULL
CT012-VoDO|DO,SIM|OMS,60,0,3284,NULL,NULL,NULL,NULL,NULL,NULL,NULL,NULL,NULL,NULL,NULL
CT022-VoDO|DO,SIM|OMS,60,0,3285,NULL,NULL,NULL,NULL,NULL,NULL,NULL,NULL,NULL,NULL,NULL
CT032-VoDO|DO,SIM|OMS,60,0,3286,NULL,NULL,NULL,NULL,NULL,NULL,NULL,NULL,NULL,NULL,NULL
CT042-VoDO|DO,SIM|OMS,60,0,3287,NULL,NULL,NULL,NULL,NULL,NULL,NULL,NULL,NULL,NULL,NULL
CT052-VoDO|DO,SIM|OMS,60,0,3288,NULL,NULL,NULL,NULL,NULL,NULL,NULL,NULL,NULL,NULL,NULL
CT062-VoDO|DO,SIM|OMS,60,0,3289,NULL,NULL,NULL,NULL,NULL,NULL,NULL,NULL,NULL,NULL,NULL
CT072-VoDO|DO,SIM|OMS,60,0,3290,NULL,NULL,NULL,NULL,NULL,NULL,NULL,NULL,NULL,NULL,NULL
CT082-VoDO|DO,SIM|OMS,60,0,3291,NULL,NULL,NULL,NULL,NULL,NULL,NULL,NULL,NULL,NULL,NULL
CT092-VoDO|DO,SIM|OMS,60,0,3292,NULL,NULL,NULL,NULL,NULL,NULL,NULL,NULL,NULL,NULL,NULL
CT102-VoDO|DO,SIM|OMS,60,0,3293,NULL,NULL,NULL,NULL,NULL,NULL,NULL,NULL,NULL,NULL,NULL
CT112-VoDO|DO,SIM|OMS,60,0,3294,NULL,NULL,NULL,NULL,NULL,NULL,NULL,NULL,NULL,NULL,NULL
CT122-VoDO|DO,SIM|OMS,60,0,3295,NULL,NULL,NULL,NULL,NULL,NULL,NULL,NULL,NULL,NULL,NULL
FT01-PoDO|DO,SIM|OMS,60,0,3109,NULL,NULL,NULL,NULL,NULL,NULL,NULL,NULL,NULL,NULL,NULL
FT03-PoDO|DO,SIM|OMS,60,0,3115,NULL,NULL,NULL,NULL,NULL,NULL,NULL,NULL,NULL,NULL,NULL
FT04-PoDO|DO,SIM|OMS,60,0,3118,NULL,NULL,NULL,NULL,NULL,NULL,NULL,NULL,NULL,NULL,NULL
FT05-PoDO|DO,SIM|OMS,60,0,3121,NULL,NULL,NULL,NULL,NULL,NULL,NULL,NULL,NULL,NULL,NULL
FT06-PoDO|DO,SIM|OMS,60,0,3124,NULL,NULL,NULL,NULL,NULL,NULL,NULL,NULL,NULL,NULL,NULL
FT07-PoDO|DO,SIM|OMS,60,0,3127,NULL,NULL,NULL,NULL,NULL,NULL,NULL,NULL,NULL,NULL,NULL
FT08-PoDO|DO,SIM|OMS,60,0,3130,NULL,NULL,NULL,NULL,NULL,NULL,NULL,NULL,NULL,NULL,NULL
FT09-PoDO|DO,SIM|OMS,60,0,3133,NULL,NULL,NULL,NULL,NULL,NULL,NULL,NULL,NULL,NULL,NULL
FT10-PoDO|DO,SIM|OMS,60,0,3136,NULL,NULL,NULL,NULL,NULL,NULL,NULL,NULL,NULL,NULL,NULL
FT11-PoDO|DO,SIM|OMS,60,0,3139,NULL,NULL,NULL,NULL,NULL,NULL,NULL,NULL,NULL,NULL,NULL
FT01-Vi1DO|DO,SIM|OMS,60,0,3107,NULL,NULL,NULL,NULL,NULL,NULL,NULL,NULL,NULL,NULL,NULL
FT03-Vi1DO|DO,SIM|OMS,60,0,3113,NULL,NULL,NULL,NULL,NULL,NULL,NULL,NULL,NULL,NULL,NULL
FT04-Vi1DO|DO,SIM|OMS,60,0,3116,NULL,NULL,NULL,NULL,NULL,NULL,NULL,NULL,NULL,NULL,NULL
FT05-Vi1DO|DO,SIM|OMS,60,0,3119,NULL,NULL,NULL,NULL,NULL,NULL,NULL,NULL,NULL,NULL,NULL
FT06-Vi1DO|DO,SIM|OMS,60,0,3122,NULL,NULL,NULL,NULL,NULL,NULL,NULL,NULL,NULL,NULL,NULL
FT07-Vi1DO|DO,SIM|OMS,60,0,3125,NULL,NULL,NULL,NULL,NULL,NULL,NULL,NULL,NULL,NULL,NULL
FT08-Vi1DO|DO,SIM|OMS,60,0,3128,NULL,NULL,NULL,NULL,NULL,NULL,NULL,NULL,NULL,NULL,NULL
FT09-Vi1DO|DO,SIM|OMS,60,0,3131,NULL,NULL,NULL,NULL,NULL,NULL,NULL,NULL,NULL,NULL,NULL
FT10-Vi1DO|DO,SIM|OMS,60,0,3134,NULL,NULL,NULL,NULL,NULL,NULL,NULL,NULL,NULL,NULL,NULL
FT11-Vi1DO|DO,SIM|OMS,60,0,3137,NULL,NULL,NULL,NULL,NULL,NULL,NULL,NULL,NULL,NULL,NULL
FT01-VoDO|DO,SIM|OMS,60,0,3108,NULL,NULL,NULL,NULL,NULL,NULL,NULL,NULL,NULL,NULL,NULL
FT03-VoDO|DO,SIM|OMS,60,0,3114,NULL,NULL,NULL,NULL,NULL,NULL,NULL,NULL,NULL,NULL,NULL
FT04-VoDO|DO,SIM|OMS,60,0,3117,NULL,NULL,NULL,NULL,NULL,NULL,NULL,NULL,NULL,NULL,NULL
FT05-VoDO|DO,SIM|OMS,60,0,3120,NULL,NULL,NULL,NULL,NULL,NULL,NULL,NULL,NULL,NULL,NULL
FT06-VoDO|DO,SIM|OMS,60,0,3123,NULL,NULL,NULL,NULL,NULL,NULL,NULL,NULL,NULL,NULL,NULL
FT07-VoDO|DO,SIM|OMS,60,0,3126,NULL,NULL,NULL,NULL,NULL,NULL,NULL,NULL,NULL,NULL,NULL
FT08-VoDO|DO,SIM|OMS,60,0,3129,NULL,NULL,NULL,NULL,NULL,NULL,NULL,NULL,NULL,NULL,NULL
FT09-VoDO|DO,SIM|OMS,60,0,3132,NULL,NULL,NULL,NULL,NULL,NULL,NULL,NULL,NULL,NULL,NULL
FT10-VoDO|DO,SIM|OMS,60,0,3135,NULL,NULL,NULL,NULL,NULL,NULL,NULL,NULL,NULL,NULL,NULL
FT11-VoDO|DO,SIM|OMS,60,0,3138,NULL,NULL,NULL,NULL,NULL,NULL,NULL,NULL,NULL,NULL,NULL
AT01-PoDO|DO,SIM|OMS,60,0,3189,NULL,NULL,NULL,NULL,NULL,NULL,NULL,NULL,NULL,NULL,NULL
AT02-PoDO|DO,SIM|OMS,60,0,3191,NULL,NULL,NULL,NULL,NULL,NULL,NULL,NULL,NULL,NULL,NULL
AT03-PoDO|DO,SIM|OMS,60,0,3193,NULL,NULL,NULL,NULL,NULL,NULL,NULL,NULL,NULL,NULL,NULL
AT04-PoDO|DO,SIM|OMS,60,0,3195,NULL,NULL,NULL,NULL,NULL,NULL,NULL,NULL,NULL,NULL,NULL
GT01-PoDO|DO,SIM|OMS,60,0,3140,NULL,NULL,NULL,NULL,NULL,NULL,NULL,NULL,NULL,NULL,NULL
GT02-PoDO|DO,SIM|OMS,60,0,3141,NULL,NULL,NULL,NULL,NULL,NULL,NULL,NULL,NULL,NULL,NULL
GT03-PoDO|DO,SIM|OMS,60,0,3142,NULL,NULL,NULL,NULL,NULL,NULL,NULL,NULL,NULL,NULL,NULL
GT04-PoDO|DO,SIM|OMS,60,0,3143,NULL,NULL,NULL,NULL,NULL,NULL,NULL,NULL,NULL,NULL,NULL
GT05-PoDO|DO,SIM|OMS,60,0,3144,NULL,NULL,NULL,NULL,NULL,NULL,NULL,NULL,NULL,NULL,NULL
GT06-PoDO|DO,SIM|OMS,60,0,3145,NULL,NULL,NULL,NULL,NULL,NULL,NULL,NULL,NULL,NULL,NULL
GT07-PoDO|DO,SIM|OMS,60,0,3146,NULL,NULL,NULL,NULL,NULL,NULL,NULL,NULL,NULL,NULL,NULL
GT08-PoDO|DO,SIM|OMS,60,0,3147,NULL,NULL,NULL,NULL,NULL,NULL,NULL,NULL,NULL,NULL,NULL
GT09-PoDO|DO,SIM|OMS,60,0,3148,NULL,NULL,NULL,NULL,NULL,NULL,NULL,NULL,NULL,NULL,NULL
GT10-PoDO|DO,SIM|OMS,60,0,3149,NULL,NULL,NULL,NULL,NULL,NULL,NULL,NULL,NULL,NULL,NULL
GT11-PoDO|DO,SIM|OMS,60,0,3150,NULL,NULL,NULL,NULL,NULL,NULL,NULL,NULL,NULL,NULL,NULL
GT12-PoDO|DO,SIM|OMS,60,0,3151,NULL,NULL,NULL,NULL,NULL,NULL,NULL,NULL,NULL,NULL,NULL
GT13-PoDO|DO,SIM|OMS,60,0,3152,NULL,NULL,NULL,NULL,NULL,NULL,NULL,NULL,NULL,NULL,NULL
GT14-PoDO|DO,SIM|OMS,60,0,3153,NULL,NULL,NULL,NULL,NULL,NULL,NULL,NULL,NULL,NULL,NULL
GT15-PoDO|DO,SIM|OMS,60,0,3154,NULL,NULL,NULL,NULL,NULL,NULL,NULL,NULL,NULL,NULL,NULL
JT01-PoDO|DO,SIM|OMS,60,0,3209,NULL,NULL,NULL,NULL,NULL,NULL,NULL,NULL,NULL,NULL,NULL
JT02-PoDO|DO,SIM|OMS,60,0,3211,NULL,NULL,NULL,NULL,NULL,NULL,NULL,NULL,NULL,NULL,NULL
JT03-PoDO|DO,SIM|OMS,60,0,3213,NULL,NULL,NULL,NULL,NULL,NULL,NULL,NULL,NULL,NULL,NULL
JT04-PoDO|DO,SIM|OMS,60,0,3215,NULL,NULL,NULL,NULL,NULL,NULL,NULL,NULL,NULL,NULL,NULL
JT05-PoDO|DO,SIM|OMS,60,0,3217,NULL,NULL,NULL,NULL,NULL,NULL,NULL,NULL,NULL,NULL,NULL
JT06-PoDO|DO,SIM|OMS,60,0,3219,NULL,NULL,NULL,NULL,NULL,NULL,NULL,NULL,NULL,NULL,NULL
JT07-PoDO|DO,SIM|OMS,60,0,3221,NULL,NULL,NULL,NULL,NULL,NULL,NULL,NULL,NULL,NULL,NULL
JT08-PoDO|DO,SIM|OMS,60,0,3223,NULL,NULL,NULL,NULL,NULL,NULL,NULL,NULL,NULL,NULL,NULL
JT09-PoDO|DO,SIM|OMS,60,0,3225,NULL,NULL,NULL,NULL,NULL,NULL,NULL,NULL,NULL,NULL,NULL
JT10-PoDO|DO,SIM|OMS,60,0,3227,NULL,NULL,NULL,NULL,NULL,NULL,NULL,NULL,NULL,NULL,NULL
JT11-PoDO|DO,SIM|OMS,60,0,3229,NULL,NULL,NULL,NULL,NULL,NULL,NULL,NULL,NULL,NULL,NULL
JT12-PoDO|DO,SIM|OMS,60,0,3231,NULL,NULL,NULL,NULL,NULL,NULL,NULL,NULL,NULL,NULL,NULL
LT01-PoDO|DO,SIM|OMS,60,0,3237,NULL,NULL,NULL,NULL,NULL,NULL,NULL,NULL,NULL,NULL,NULL
LT02-PoDO|DO,SIM|OMS,60,0,3239,NULL,NULL,NULL,NULL,NULL,NULL,NULL,NULL,NULL,NULL,NULL
LT03-PoDO|DO,SIM|OMS,60,0,3241,NULL,NULL,NULL,NULL,NULL,NULL,NULL,NULL,NULL,NULL,NULL
LT04-PoDO|DO,SIM|OMS,60,0,3243,NULL,NULL,NULL,NULL,NULL,NULL,NULL,NULL,NULL,NULL,NULL
NT01-PoDO|DO,SIM|OMS,60,0,3249,NULL,NULL,NULL,NULL,NULL,NULL,NULL,NULL,NULL,NULL,NULL
NT02-PoDO|DO,SIM|OMS,60,0,3251,NULL,NULL,NULL,NULL,NULL,NULL,NULL,NULL,NULL,NULL,NULL
NT03-PoDO|DO,SIM|OMS,60,0,3253,NULL,NULL,NULL,NULL,NULL,NULL,NULL,NULL,NULL,NULL,NULL
NT04-PoDO|DO,SIM|OMS,60,0,3255,NULL,NULL,NULL,NULL,NULL,NULL,NULL,NULL,NULL,NULL,NULL
WT01-PoDO|DO,SIM|OMS,60,0,3260,NULL,NULL,NULL,NULL,NULL,NULL,NULL,NULL,NULL,NULL,NULL
WT02-PoDO|DO,SIM|OMS,60,0,3262,NULL,NULL,NULL,NULL,NULL,NULL,NULL,NULL,NULL,NULL,NULL
WT03-PoDO|DO,SIM|OMS,60,0,3264,NULL,NULL,NULL,NULL,NULL,NULL,NULL,NULL,NULL,NULL,NULL
AT01-Vi1DO|DO,SIM|OMS,60,0,3185,NULL,NULL,NULL,NULL,NULL,NULL,NULL,NULL,NULL,NULL,NULL
AT02-Vi1DO|DO,SIM|OMS,60,0,3186,NULL,NULL,NULL,NULL,NULL,NULL,NULL,NULL,NULL,NULL,NULL
AT03-Vi1DO|DO,SIM|OMS,60,0,3187,NULL,NULL,NULL,NULL,NULL,NULL,NULL,NULL,NULL,NULL,NULL
AT04-Vi1DO|DO,SIM|OMS,60,0,3188,NULL,NULL,NULL,NULL,NULL,NULL,NULL,NULL,NULL,NULL,NULL
CT01-ViDO|DO,SIM|OMS,60,0,3095,NULL,NULL,NULL,NULL,NULL,NULL,NULL,NULL,NULL,NULL,NULL
CT02-ViDO|DO,SIM|OMS,60,0,3096,NULL,NULL,NULL,NULL,NULL,NULL,NULL,NULL,NULL,NULL,NULL
CT03-ViDO|DO,SIM|OMS,60,0,3097,NULL,NULL,NULL,NULL,NULL,NULL,NULL,NULL,NULL,NULL,NULL
CT04-ViDO|DO,SIM|OMS,60,0,3098,NULL,NULL,NULL,NULL,NULL,NULL,NULL,NULL,NULL,NULL,NULL
CT05-ViDO|DO,SIM|OMS,60,0,3099,NULL,NULL,NULL,NULL,NULL,NULL,NULL,NULL,NULL,NULL,NULL
CT06-ViDO|DO,SIM|OMS,60,0,3100,NULL,NULL,NULL,NULL,NULL,NULL,NULL,NULL,NULL,NULL,NULL
CT07-ViDO|DO,SIM|OMS,60,0,3101,NULL,NULL,NULL,NULL,NULL,NULL,NULL,NULL,NULL,NULL,NULL
CT08-ViDO|DO,SIM|OMS,60,0,3102,NULL,NULL,NULL,NULL,NULL,NULL,NULL,NULL,NULL,NULL,NULL
CT09-ViDO|DO,SIM|OMS,60,0,3103,NULL,NULL,NULL,NULL,NULL,NULL,NULL,NULL,NULL,NULL,NULL
CT10-ViDO|DO,SIM|OMS,60,0,3104,NULL,NULL,NULL,NULL,NULL,NULL,NULL,NULL,NULL,NULL,NULL
CT11-ViDO|DO,SIM|OMS,60,0,3105,NULL,NULL,NULL,NULL,NULL,NULL,NULL,NULL,NULL,NULL,NULL
CT12-ViDO|DO,SIM|OMS,60,0,3106,NULL,NULL,NULL,NULL,NULL,NULL,NULL,NULL,NULL,NULL,NULL
GT01-Vi1DO|DO,SIM|OMS,60,0,3155,NULL,NULL,NULL,NULL,NULL,NULL,NULL,NULL,NULL,NULL,NULL
GT02-Vi1DO|DO,SIM|OMS,60,0,3156,NULL,NULL,NULL,NULL,NULL,NULL,NULL,NULL,NULL,NULL,NULL
GT03-Vi1DO|DO,SIM|OMS,60,0,3157,NULL,NULL,NULL,NULL,NULL,NULL,NULL,NULL,NULL,NULL,NULL
GT04-Vi1DO|DO,SIM|OMS,60,0,3158,NULL,NULL,NULL,NULL,NULL,NULL,NULL,NULL,NULL,NULL,NULL
GT05-Vi1DO|DO,SIM|OMS,60,0,3159,NULL,NULL,NULL,NULL,NULL,NULL,NULL,NULL,NULL,NULL,NULL
GT06-Vi1DO|DO,SIM|OMS,60,0,3160,NULL,NULL,NULL,NULL,NULL,NULL,NULL,NULL,NULL,NULL,NULL
GT07-Vi1DO|DO,SIM|OMS,60,0,3161,NULL,NULL,NULL,NULL,NULL,NULL,NULL,NULL,NULL,NULL,NULL
GT08-Vi1DO|DO,SIM|OMS,60,0,3162,NULL,NULL,NULL,NULL,NULL,NULL,NULL,NULL,NULL,NULL,NULL
GT09-ViDO|DO,SIM|OMS,60,0,3163,NULL,NULL,NULL,NULL,NULL,NULL,NULL,NULL,NULL,NULL,NULL
GT10-ViDO|DO,SIM|OMS,60,0,3164,NULL,NULL,NULL,NULL,NULL,NULL,NULL,NULL,NULL,NULL,NULL
GT11-ViDO|DO,SIM|OMS,60,0,3165,NULL,NULL,NULL,NULL,NULL,NULL,NULL,NULL,NULL,NULL,NULL
GT12-ViDO|DO,SIM|OMS,60,0,3166,NULL,NULL,NULL,NULL,NULL,NULL,NULL,NULL,NULL,NULL,NULL
GT13-ViDO|DO,SIM|OMS,60,0,3167,NULL,NULL,NULL,NULL,NULL,NULL,NULL,NULL,NULL,NULL,NULL
GT14-ViDO|DO,SIM|OMS,60,0,3168,NULL,NULL,NULL,NULL,NULL,NULL,NULL,NULL,NULL,NULL,NULL
GT15-ViDO|DO,SIM|OMS,60,0,3169,NULL,NULL,NULL,NULL,NULL,NULL,NULL,NULL,NULL,NULL,NULL
JT01-Vi1DO|DO,SIM|OMS,60,0,3197,NULL,NULL,NULL,NULL,NULL,NULL,NULL,NULL,NULL,NULL,NULL
JT02-Vi1DO|DO,SIM|OMS,60,0,3198,NULL,NULL,NULL,NULL,NULL,NULL,NULL,NULL,NULL,NULL,NULL
JT03-Vi1DO|DO,SIM|OMS,60,0,3199,NULL,NULL,NULL,NULL,NULL,NULL,NULL,NULL,NULL,NULL,NULL
JT04-Vi1DO|DO,SIM|OMS,60,0,3200,NULL,NULL,NULL,NULL,NULL,NULL,NULL,NULL,NULL,NULL,NULL
JT05-Vi1DO|DO,SIM|OMS,60,0,3201,NULL,NULL,NULL,NULL,NULL,NULL,NULL,NULL,NULL,NULL,NULL
JT06-Vi1DO|DO,SIM|OMS,60,0,3202,NULL,NULL,NULL,NULL,NULL,NULL,NULL,NULL,NULL,NULL,NULL
JT07-Vi1DO|DO,SIM|OMS,60,0,3203,NULL,NULL,NULL,NULL,NULL,NULL,NULL,NULL,NULL,NULL,NULL
JT08-Vi1DO|DO,SIM|OMS,60,0,3204,NULL,NULL,NULL,NULL,NULL,NULL,NULL,NULL,NULL,NULL,NULL
JT09-Vi1DO|DO,SIM|OMS,60,0,3205,NULL,NULL,NULL,NULL,NULL,NULL,NULL,NULL,NULL,NULL,NULL
JT10-Vi1DO|DO,SIM|OMS,60,0,3206,NULL,NULL,NULL,NULL,NULL,NULL,NULL,NULL,NULL,NULL,NULL
JT11-Vi1DO|DO,SIM|OMS,60,0,3207,NULL,NULL,NULL,NULL,NULL,NULL,NULL,NULL,NULL,NULL,NULL
JT12-Vi1DO|DO,SIM|OMS,60,0,3208,NULL,NULL,NULL,NULL,NULL,NULL,NULL,NULL,NULL,NULL,NULL
LT01-Vi1DO|DO,SIM|OMS,60,0,3233,NULL,NULL,NULL,NULL,NULL,NULL,NULL,NULL,NULL,NULL,NULL
LT02-Vi1DO|DO,SIM|OMS,60,0,3234,NULL,NULL,NULL,NULL,NULL,NULL,NULL,NULL,NULL,NULL,NULL
LT03-Vi1DO|DO,SIM|OMS,60,0,3235,NULL,NULL,NULL,NULL,NULL,NULL,NULL,NULL,NULL,NULL,NULL
LT04-Vi1DO|DO,SIM|OMS,60,0,3236,NULL,NULL,NULL,NULL,NULL,NULL,NULL,NULL,NULL,NULL,NULL
NT01-Vi1DO|DO,SIM|OMS,60,0,3245,NULL,NULL,NULL,NULL,NULL,NULL,NULL,NULL,NULL,NULL,NULL
NT02-Vi1DO|DO,SIM|OMS,60,0,3246,NULL,NULL,NULL,NULL,NULL,NULL,NULL,NULL,NULL,NULL,NULL
NT03-Vi1DO|DO,SIM|OMS,60,0,3247,NULL,NULL,NULL,NULL,NULL,NULL,NULL,NULL,NULL,NULL,NULL
NT04-Vi1DO|DO,SIM|OMS,60,0,3248,NULL,NULL,NULL,NULL,NULL,NULL,NULL,NULL,NULL,NULL,NULL
WT01-Vi1DO|DO,SIM|OMS,60,0,3257,NULL,NULL,NULL,NULL,NULL,NULL,NULL,NULL,NULL,NULL,NULL
WT02-Vi1DO|DO,SIM|OMS,60,0,3258,NULL,NULL,NULL,NULL,NULL,NULL,NULL,NULL,NULL,NULL,NULL
WT03-Vi1DO|DO,SIM|OMS,60,0,3259,NULL,NULL,NULL,NULL,NULL,NULL,NULL,NULL,NULL,NULL,NULL
AT01-VoDO|DO,SIM|OMS,60,0,3190,NULL,NULL,NULL,NULL,NULL,NULL,NULL,NULL,NULL,NULL,NULL
AT02-VoDO|DO,SIM|OMS,60,0,3192,NULL,NULL,NULL,NULL,NULL,NULL,NULL,NULL,NULL,NULL,NULL
AT03-VoDO|DO,SIM|OMS,60,0,3194,NULL,NULL,NULL,NULL,NULL,NULL,NULL,NULL,NULL,NULL,NULL
AT04-VoDO|DO,SIM|OMS,60,0,3196,NULL,NULL,NULL,NULL,NULL,NULL,NULL,NULL,NULL,NULL,NULL
GT01-VoDO|DO,SIM|OMS,60,0,3170,NULL,NULL,NULL,NULL,NULL,NULL,NULL,NULL,NULL,NULL,NULL
GT02-VoDO|DO,SIM|OMS,60,0,3171,NULL,NULL,NULL,NULL,NULL,NULL,NULL,NULL,NULL,NULL,NULL
GT03-VoDO|DO,SIM|OMS,60,0,3172,NULL,NULL,NULL,NULL,NULL,NULL,NULL,NULL,NULL,NULL,NULL
GT04-VoDO|DO,SIM|OMS,60,0,3173,NULL,NULL,NULL,NULL,NULL,NULL,NULL,NULL,NULL,NULL,NULL
GT05-VoDO|DO,SIM|OMS,60,0,3174,NULL,NULL,NULL,NULL,NULL,NULL,NULL,NULL,NULL,NULL,NULL
GT06-VoDO|DO,SIM|OMS,60,0,3175,NULL,NULL,NULL,NULL,NULL,NULL,NULL,NULL,NULL,NULL,NULL
GT07-VoDO|DO,SIM|OMS,60,0,3176,NULL,NULL,NULL,NULL,NULL,NULL,NULL,NULL,NULL,NULL,NULL
GT08-VoDO|DO,SIM|OMS,60,0,3177,NULL,NULL,NULL,NULL,NULL,NULL,NULL,NULL,NULL,NULL,NULL
GT09-VoDO|DO,SIM|OMS,60,0,3178,NULL,NULL,NULL,NULL,NULL,NULL,NULL,NULL,NULL,NULL,NULL
GT10-VoDO|DO,SIM|OMS,60,0,3179,NULL,NULL,NULL,NULL,NULL,NULL,NULL,NULL,NULL,NULL,NULL
GT11-VoDO|DO,SIM|OMS,60,0,3180,NULL,NULL,NULL,NULL,NULL,NULL,NULL,NULL,NULL,NULL,NULL
GT12-VoDO|DO,SIM|OMS,60,0,3181,NULL,NULL,NULL,NULL,NULL,NULL,NULL,NULL,NULL,NULL,NULL
GT13-VoDO|DO,SIM|OMS,60,0,3182,NULL,NULL,NULL,NULL,NULL,NULL,NULL,NULL,NULL,NULL,NULL
GT14-VoDO|DO,SIM|OMS,60,0,3183,NULL,NULL,NULL,NULL,NULL,NULL,NULL,NULL,NULL,NULL,NULL
GT15-VoDO|DO,SIM|OMS,60,0,3184,NULL,NULL,NULL,NULL,NULL,NULL,NULL,NULL,NULL,NULL,NULL
JT01-VoDO|DO,SIM|OMS,60,0,3210,NULL,NULL,NULL,NULL,NULL,NULL,NULL,NULL,NULL,NULL,NULL
JT02-VoDO|DO,SIM|OMS,60,0,3212,NULL,NULL,NULL,NULL,NULL,NULL,NULL,NULL,NULL,NULL,NULL
JT03-VoDO|DO,SIM|OMS,60,0,3214,NULL,NULL,NULL,NULL,NULL,NULL,NULL,NULL,NULL,NULL,NULL
JT04-VoDO|DO,SIM|OMS,60,0,3216,NULL,NULL,NULL,NULL,NULL,NULL,NULL,NULL,NULL,NULL,NULL
JT05-VoDO|DO,SIM|OMS,60,0,3218,NULL,NULL,NULL,NULL,NULL,NULL,NULL,NULL,NULL,NULL,NULL
JT06-VoDO|DO,SIM|OMS,60,0,3220,NULL,NULL,NULL,NULL,NULL,NULL,NULL,NULL,NULL,NULL,NULL
JT07-VoDO|DO,SIM|OMS,60,0,3222,NULL,NULL,NULL,NULL,NULL,NULL,NULL,NULL,NULL,NULL,NULL
JT08-VoDO|DO,SIM|OMS,60,0,3224,NULL,NULL,NULL,NULL,NULL,NULL,NULL,NULL,NULL,NULL,NULL
JT09-VoDO|DO,SIM|OMS,60,0,3226,NULL,NULL,NULL,NULL,NULL,NULL,NULL,NULL,NULL,NULL,NULL
JT10-VoDO|DO,SIM|OMS,60,0,3228,NULL,NULL,NULL,NULL,NULL,NULL,NULL,NULL,NULL,NULL,NULL
JT11-VoDO|DO,SIM|OMS,60,0,3230,NULL,NULL,NULL,NULL,NULL,NULL,NULL,NULL,NULL,NULL,NULL
JT12-VoDO|DO,SIM|OMS,60,0,3232,NULL,NULL,NULL,NULL,NULL,NULL,NULL,NULL,NULL,NULL,NULL
LT01-VoDO|DO,SIM|OMS,60,0,3238,NULL,NULL,NULL,NULL,NULL,NULL,NULL,NULL,NULL,NULL,NULL
LT02-VoDO|DO,SIM|OMS,60,0,3240,NULL,NULL,NULL,NULL,NULL,NULL,NULL,NULL,NULL,NULL,NULL
LT03-VoDO|DO,SIM|OMS,60,0,3242,NULL,NULL,NULL,NULL,NULL,NULL,NULL,NULL,NULL,NULL,NULL
LT04-VoDO|DO,SIM|OMS,60,0,3244,NULL,NULL,NULL,NULL,NULL,NULL,NULL,NULL,NULL,NULL,NULL
NT01-VoDO|DO,SIM|OMS,60,0,3250,NULL,NULL,NULL,NULL,NULL,NULL,NULL,NULL,NULL,NULL,NULL
NT02-VoDO|DO,SIM|OMS,60,0,3252,NULL,NULL,NULL,NULL,NULL,NULL,NULL,NULL,NULL,NULL,NULL
NT03-VoDO|DO,SIM|OMS,60,0,3254,NULL,NULL,NULL,NULL,NULL,NULL,NULL,NULL,NULL,NULL,NULL
NT04-VoDO|DO,SIM|OMS,60,0,3256,NULL,NULL,NULL,NULL,NULL,NULL,NULL,NULL,NULL,NULL,NULL
WT01-VoDO|DO,SIM|OMS,60,0,3261,NULL,NULL,NULL,NULL,NULL,NULL,NULL,NULL,NULL,NULL,NULL
WT02-VoDO|DO,SIM|OMS,60,0,3263,NULL,NULL,NULL,NULL,NULL,NULL,NULL,NULL,NULL,NULL,NULL
WT03-VoDO|DO,SIM|OMS,60,0,3265,NULL,NULL,NULL,NULL,NULL,NULL,NULL,NULL,NULL,NULL,NULL
XSINE|AI,SIM|OMS,60,0,4285,1440,0,NULL,NULL,NULL,NULL,NULL,NULL,NULL,NULL,NULL
X-SINE|AI,SIM|OMS,60,0,4286,1440,720,NULL,NULL,NULL,NULL,NULL,NULL,NULL,NULL,NULL
X-COSINE|AI,SIM|OMS,60,0,4287,1440,1080,NULL,NULL,NULL,NULL,NULL,NULL,NULL,NULL,NULL
XCOSINE|AI,SIM|OMS,60,0,4288,1440,360,NULL,NULL,NULL,NULL,NULL,NULL,NULL,NULL,NULL
DCT-0000|AI,WS|XML,1800,0,1,NULL,NULL,NULL,NULL,NULL,NULL,NULL,NULL,NULL,NULL,NULL
DCP-0000|AI,WS|XML,1800,0,6,NULL,NULL,NULL,NULL,NULL,NULL,NULL,NULL,NULL,NULL,NULL
DCR-0000|AI,WS|XML,1800,0,8,NULL,NULL,NULL,NULL,NULL,NULL,NULL,NULL,NULL,NULL,NULL
DCM-0000|AI,WS|XML,1800,0,11,NULL,NULL,NULL,NULL,NULL,NULL,NULL,NULL,NULL,NULL,NULL
DCT-0001|AI,WS|XML,60,0,1574,NULL,NULL,NULL,NULL,NULL,NULL,NULL,NULL,NULL,NULL,NULL
DCP-0001|AI,WS|XML,60,0,1575,NULL,NULL,NULL,NULL,NULL,NULL,NULL,NULL,NULL,NULL,NULL
DCR-0001|AI,WS|XML,60,0,1576,NULL,NULL,NULL,NULL,NULL,NULL,NULL,NULL,NULL,NULL,NULL
DCM-0001|AI,WS|XML,60,0,1577,NULL,NULL,NULL,NULL,NULL,NULL,NULL,NULL,NULL,NULL,NULL
DCL-0000|AI,WS|XML,1800,0,7,NULL,NULL,NULL,NULL,NULL,NULL,NULL,NULL,NULL,NULL,NULL
End