Table,rel_tag_tag,,
ColumnConstrained,ConstraintTable,ConstraintField,ConstraintEquivalence,2ndTbl,2ndFld,2ndEquiv
parent_tag_id,tag,id,name,tag_type_code,tag_type_code
child_tag_id,tag,id,name,tag_type_code,tag_type_code
Data,,,
parent_tag_id,child_tag_id,code
3WayValve|SCO,RU1CP-DI|DI,None
3WayValve|SCO,RU1CP-DO|DO,None
3WayVlvBtm|SCO,RU1CP-DI|DI,None
3WayVlvLft|SCO,RU1CP-DI|DI,None
3WayVlvRt|SCO,RU1CP-DI|DI,None
AsfaltUnit|PU,AT01|TK,None
AsfaltUnit|PU,AT02|TK,None
AsfaltUnit|PU,AT03|TK,None
AsfaltUnit|PU,AT04|TK,None
AsfaltUnit|PU,NT04|TK,None
Asphalts|FLD,AT01|TK,None
Asphalts|FLD,AT02|TK,None
Asphalts|FLD,AT03|TK,None
Asphalts|FLD,AT04|TK,None
Asphalts|FLD,NT04|TK,None
AT01|TK,AT01-L|AI,None
AT01|TK,AT01-T|AI,None
AT01|TK,AT01-Vi|V,INL
AT01|TK,AT01-Vo|V,OUTL
AT01|TK,AT01-Pmp|PMP,OUTL
AT01-Pmp,AT01-PoDI,OUTL
AT01-Pmp,AT01-PoDO,OUTL
AT01-Vi,AT01-ViDI,INL
AT01-Vi,AT01-ViDO,INL
AT01-Vo,AT01-VoDI,OUTL
AT01-Vo,AT01-VoDO,OUTL
AT02|TK,AT02-L|AI,None
AT02|TK,AT02-T|AI,None
AT02|TK,AT02-Vi|V,INL
AT02|TK,AT02-Vo|V,OUTL
AT02|TK,AT02-Pmp|PMP,OUTL
AT02-Pmp,AT02-PoDI,OUTL
AT02-Pmp,AT02-PoDO,OUTL
AT02-Vi,AT02-ViDI,INL
AT02-Vi,AT02-ViDO,INL
AT02-Vo,AT02-VoDI,OUTL
AT02-Vo,AT02-VoDO,OUTL
AT03|TK,AT03-L|AI,None
AT03|TK,AT03-T|AI,None
AT03|TK,AT03-Vi|V,INL
AT03|TK,AT03-Vo|V,OUTL
AT03|TK,AT03-Pmp|PMP,OUTL
AT03-Pmp,AT03-PoDI,OUTL
AT03-Pmp,AT03-PoDO,OUTL
AT03-Vi,AT03-ViDI,INL
AT03-Vi,AT03-ViDO,INL
AT03-Vo,AT03-VoDI,OUTL
AT03-Vo,AT03-VoDO,OUTL
AT04|TK,AT04-L|AI,None
AT04|TK,AT04-T|AI,None
AT04|TK,AT04-Vi|V,INL
AT04|TK,AT04-Vo|V,OUTL
AT04|TK,AT04-Pmp|PMP,OUTL
AT04-Pmp,AT04-PoDI,OUTL
AT04-Pmp,AT04-PoDO,OUTL
AT04-Vi,AT04-ViDI,INL
AT04-Vi,AT04-ViDO,INL
AT04-Vo,AT04-VoDI,OUTL
AT04-Vo,AT04-VoDO,OUTL
CDC01|SCO,CT01-L|AI,None
CDC02|SCO,CT02-L|AI,None
CDC03|SCO,CT03-L|AI,None
CDC04|SCO,CT04-L|AI,None
CDC05|SCO,CT05-L|AI,None
CDC06|SCO,CT06-L|AI,None
CDC07|SCO,CT07-L|AI,None
CDC08|SCO,CT08-L|AI,None
CDC09|SCO,CT09-L|AI,None
CDC10|SCO,CT10-L|AI,None
CDC11|SCO,CT11-L|AI,None
CDC12|SCO,CT12-L|AI,None
CDP-CT01,CT01-ViDI,None
CDP-CT02,CT02-ViDI,None
CDP-CT03,CT03-ViDI,None
CDP-CT04,CT05-ViDI,None
CDP-CT05,CT05-ViDI,None
CDP-CT06,CT06-ViDI,None
CDP-CT07,CT07-ViDI,None
CDP-CT08,CT08-ViDI,None
CDP-CT09,CT09-ViDI,None
CDP-CT10,CT10-ViDI,None
CDP-CT11,CT11-ViDI,None
CDP-CT12,CT12-ViDI,None
CDP-CT5,CT05-ViDI,None
CDP-D1-1|SCO,Ship1-DI|DI,None
CDP-D2-1|SCO,Ship2-DI|DI,None
CDP-D2-3,D12-DI,None
CDP-D3-1,,None
CDP-D3-4,D123-DI,None
CDP-D4-1,Ship4-DI,None
CDP-D4-Tks,D1234-DI,None
CDP-DCT-1|SCO,Ship1-DI|DI,None
CDP-DCT-2|SCO,D1234-DI|DI,None
CDShip1|SCO,Ship1-DI|DI,None
CDShip2|SCO,Ship2-DI|DI,None
CDShip3,,None
CDShip4,Ship4-DI,None
CDVi01,CT01-ViDI,None
CDVi01,CT01-ViDO,None
CDVi02,CT02-ViDI,None
CDVi02,CT02-ViDO,None
CDVi03,CT03-ViDI,None
CDVi03,CT03-ViDO,None
CDVi04,CT04-ViDI,None
CDVi04,CT04-ViDO,None
CDVi05,CT05-ViDI,None
CDVi05,CT05-ViDO,None
CDVi06,CT06-ViDI,None
CDVi06,CT06-ViDO,None
CDVi07,CT07-ViDI,None
CDVi07,CT07-ViDO,None
CDVi08,CT08-ViDI,None
CDVi08,CT08-ViDO,None
CDVi09,CT09-ViDI,None
CDVi09,CT09-ViDO,None
CDVi10,CT10-ViDI,None
CDVi10,CT10-ViDO,None
CDVi11,CT11-ViDI,None
CDVi11,CT11-ViDO,None
CDVi12,CT12-ViDI,None
CDVi12,CT12-ViDO,None
Com011-CV|C,CT011-VoDI|DI,1
Com011-CV|C,CT021-VoDI|DI,2
Com012-CV|C,CT051-VoDI|DI,1
Com012-CV|C,CT061-VoDI|DI,2
Com013-CV|C,CT091-VoDI|DI,1
Com013-CV|C,CT101-VoDI|DI,2
Com014-CV|C,CT031-VoDI|DI,1
Com014-CV|C,CT041-VoDI|DI,2
Com015-CV|C,CT071-VoDI|DI,1
Com015-CV|C,CT081-VoDI|DI,2
Com016-CV|C,CT111-VoDI|DI,1
Com016-CV|C,CT121-VoDI|DI,2
Com021-CV|C,CT012-VoDI|DI,1
Com021-CV|C,CT022-VoDI|DI,2
Com022-CV|C,CT052-VoDI|DI,1
Com022-CV|C,CT062-VoDI|DI,2
Com023-CV|C,CT092-VoDI|DI,1
Com023-CV|C,CT102-VoDI|DI,2
Com024-CV|C,CT032-VoDI|DI,1
Com024-CV|C,CT042-VoDI|DI,2
Com025-CV|C,CT072-VoDI|DI,2
Com025-CV|C,CT082-VoDI|DI,1
Com026-CV|C,CT112-VoDI|DI,1
Com026-CV|C,CT122-VoDI|DI,2
Crude|FLD,CT01|TK,None
Crude|FLD,CT02|TK,None
Crude|FLD,CT03|TK,None
Crude|FLD,CT04|TK,None
Crude|FLD,CT05|TK,None
Crude|FLD,CT06|TK,None
Crude|FLD,CT07|TK,None
Crude|FLD,CT08|TK,None
Crude|FLD,CT09|TK,None
Crude|FLD,CT10|TK,None
Crude|FLD,CT11|TK,None
Crude|FLD,CT12|TK,None
CrudeTK01|SCO,CT01-L|AI,None
CrudeTK01|SCO,CT01-L|AI,None
CrudeUnit|PU,CT01|TK,None
CrudeUnit|PU,CT02|TK,None
CrudeUnit|PU,CT03|TK,None
CrudeUnit|PU,CT04|TK,None
CrudeUnit|PU,CT05|TK,None
CrudeUnit|PU,CT06|TK,None
CrudeUnit|PU,CT07|TK,None
CrudeUnit|PU,CT08|TK,None
CrudeUnit|PU,CT09|TK,None
CrudeUnit|PU,CT10|TK,None
CrudeUnit|PU,CT11|TK,None
CrudeUnit|PU,CT12|TK,None
CrudeUnit,CT01-PoDI,None
CrudeUnit,CT05-PoDI,None
CrudeUnit,CT02-PoDI,None
CrudeUnit,CT06-PoDI,None
CrudeUnit,CT03-PoDI,None
CrudeUnit,CT07-PoDI,None
CrudeUnit,CT04-PoDI,None
CrudeUnit,CT08-PoDI,None
CrudeUnit,CT09-PoDI,None
CrudeUnit,CT10-PoDI,None
CrudeUnit,CT11-PoDI,None
CrudeUnit,CT12-PoDI,None
CrudeUnit|PU,CT011-VoDI|DI,None
CrudeUnit|PU,CT012-VoDI|DI,None
CrudeUnit|PU,CT011-VoDI|DI,None
CrudeUnit|PU,CT021-VoDI|DI,None
CrudeUnit|PU,CT022-VoDI|DI,None
CrudeUnit|PU,CT011-VoDI|DI,None
CrudeUnit|PU,CT031-VoDI|DI,None
CrudeUnit|PU,CT032-VoDI|DI,None
CrudeUnit|PU,CT041-VoDI|DI,None
CrudeUnit|PU,CT042-VoDI|DI,None
CrudeUnit|PU,CT011-VoDI|DI,None
CrudeUnit|PU,CT051-VoDI|DI,None
CrudeUnit|PU,CT052-VoDI|DI,None
CrudeUnit|PU,CT061-VoDI|DI,None
CrudeUnit|PU,CT062-VoDI|DI,None
CrudeUnit|PU,CT071-VoDI|DI,None
CrudeUnit|PU,CT011-VoDI|DI,None
CrudeUnit|PU,CT072-VoDI|DI,None
CrudeUnit|PU,CT081-VoDI|DI,None
CrudeUnit|PU,CT082-VoDI|DI,None
CrudeUnit|PU,CT091-VoDI|DI,None
CrudeUnit|PU,CT092-VoDI|DI,None
CrudeUnit|PU,CT101-VoDI|DI,None
CrudeUnit|PU,CT102-VoDI|DI,None
CrudeUnit|PU,CT011-VoDI|DI,None
CrudeUnit|PU,CT111-VoDI|DI,None
CrudeUnit|PU,CT112-VoDI|DI,None
CrudeUnit|PU,CT121-VoDI|DI,None
CrudeUnit|PU,CT122-VoDI|DI,None
CrudeUnit|PU,Com011-DI|DI,None
CrudeUnit|PU,Com012-DI|DI,None
CrudeUnit|PU,Com013-DI|DI,None
CrudeUnit|PU,Com014-DI|DI,None
CrudeUnit|PU,Com015-DI|DI,None
CrudeUnit|PU,Com016-DI|DI,None
CrudeUnit|PU,Com021-DI|DI,None
CrudeUnit|PU,Com022-DI|DI,None
CrudeUnit|PU,Com023-DI|DI,None
CrudeUnit|PU,Com011-DI|DI,None
CrudeUnit|PU,Com024-DI|DI,None
CrudeUnit|PU,Com025-DI|DI,None
CrudeUnit|PU,Com026-DI|DI,None
CT01|TK,CT01-L|AI,None
CT01|TK,CT01-T|AI,None
CT01|TK,CT01-Pmp|PMP,OUTL
CT01,CT011-V,OUTL
CT01,CT012-V,OUTL
CT01|TK,CT01-V|V,INL
CT01-Pmp,CT01-PoDI,None
CT01-Pmp|PMP,CT01-PoDO|DO,None
CT01-V,CT01-ViDI,INL
CT01-V,CT01-ViDO,INL
CT011-V,CT011-VoDI,None
CT011-V,CT011-VoDO,None
CT012-V,CT012-VoDI,None
CT012-V,CT012-VoDO,None
CT02|TK,CT02-L|AI,None
CT02|TK,CT02-T|AI,None
CT02|TK,CT02-Pmp|PMP,OUTL
CT02,CT021-V,OUTL
CT02,CT022-V,OUTL
CT02|TK,CT02-V|V,INL
CT02-Pmp|PMP,CT02-PoDI|DI,None
CT02-Pmp|PMP,CT02-PoDO|DO,None
CT02-V,CT02-ViDI,INL
CT02-V,CT02-ViDO,INL
CT021-V,CT021-VoDI,None
CT021-V,CT021-VoDO,None
CT022-V,CT022-VoDI,None
CT022-V,CT022-VoDO,None
CT03|TK,CT03-L|AI,None
CT03|TK,CT03-T|AI,None
CT03|TK,CT03-Pmp|PMP,OUTL
CT03,CT031-V,OUTL
CT03,CT032-V,OUTL
CT03|TK,CT03-V|V,INL
CT03-Pmp,CT03-PoDI,None
CT03-Pmp|PMP,CT03-PoDO|DO,None
CT03-V,CT03-ViDI,INL
CT03-V,CT03-ViDO,INL
CT031-V,CT031-VoDI,None
CT031-V,CT031-VoDO,None
CT032-V,CT032-VoDI,None
CT032-V,CT032-VoDO,None
CT04|TK,CT04-L|AI,None
CT04|TK,CT04-T|AI,None
CT04|TK,CT04-Pmp|PMP,OUTL
CT04,CT041-V,OUTL
CT04,CT042-V,OUTL
CT04,CT04-V,INL
CT04-Pmp|PMP,CT04-PoDI|DI,None
CT04-Pmp|PMP,CT04-PoDO|DO,None
CT04-V,CT04-ViDI,INL
CT04-V,CT04-ViDO,INL
CT041-V,CT041-VoDI,None
CT041-V,CT041-VoDO,None
CT042-V,CT042-VoDI,None
CT042-V,CT042-VoDO,None
CT05|TK,CT05-L|AI,None
CT05|TK,CT05-T|AI,None
CT05|TK,CT05-Pmp|PMP,OUTL
CT05,CT051-V,OUTL
CT05,CT052-V,OUTL
CT05|TK,CT05-V|V,INL
CT05-Pmp,CT05-PoDI,None
CT05-Pmp|PMP,CT05-PoDO|DO,None
CT05-V,CT05-ViDI,INL
CT05-V,CT05-ViDO,INL
CT051-V,CT051-VoDI,None
CT051-V,CT051-VoDO,None
CT052-V,CT052-VoDI,None
CT052-V,CT052-VoDO,None
CT06|TK,CT06-L|AI,None
CT06|TK,CT06-T|AI,None
CT06|TK,CT06-Pmp|PMP,OUTL
CT06,CT061-V,OUTL
CT06,CT062-V,OUTL
CT06|TK,CT06-V|V,INL
CT06-Pmp|PMP,CT06-PoDI|DI,None
CT06-Pmp|PMP,CT06-PoDO|DO,None
CT06-V,CT06-ViDI,INL
CT06-V,CT06-ViDO,INL
CT061-V,CT061-VoDI,None
CT061-V,CT061-VoDO,None
CT062-V,CT062-VoDI,None
CT062-V,CT062-VoDO,None
CT07|TK,CT07-L|AI,None
CT07|TK,CT07-T|AI,None
CT07|TK,CT07-Pmp|PMP,OUTL
CT07,CT071-V,OUTL
CT07,CT072-V,OUTL
CT07|TK,CT07-V|V,INL
CT07-Pmp|PMP,CT07-PoDI|DI,None
CT07-Pmp|PMP,CT07-PoDO|DO,None
CT07-V,CT07-ViDI,INL
CT07-V,CT07-ViDO,INL
CT071-V,CT071-VoDI,None
CT071-V,CT071-VoDO,None
CT072-V,CT072-VoDI,None
CT072-V,CT072-VoDO,None
CT08|TK,CT08-L|AI,None
CT08|TK,CT08-T|AI,None
CT08|TK,CT08-Pmp|PMP,OUTL
CT08,CT081-V,OUTL
CT08,CT082-V,OUTL
CT08|TK,CT08-V|V,INL
CT08-Pmp|PMP,CT08-PoDI|DI,None
CT08-Pmp|PMP,CT08-PoDO|DO,None
CT08-V,CT08-ViDI,INL
CT08-V,CT08-ViDO,INL
CT081-V,CT081-VoDI,None
CT081-V,CT081-VoDO,None
CT082-V,CT082-VoDI,None
CT082-V,CT082-VoDO,None
CT09|TK,CT09-L|AI,None
CT09|TK,CT09-T|AI,None
CT09|TK,CT09-Pmp|PMP,OUTL
CT09,CT091-V,OUTL
CT09,CT092-V,OUTL
CT09|TK,CT09-V|V,INL
CT09-Pmp|PMP,CT09-PoDI|DI,None
CT09-Pmp|PMP,CT09-PoDO|DO,None
CT09-V,CT09-ViDI,INL
CT09-V,CT09-ViDO,INL
CT091-V,CT091-VoDI,None
CT091-V,CT091-VoDO,None
CT092-V,CT092-VoDI,None
CT092-V,CT092-VoDO,None
CT10|TK,CT10-L|AI,None
CT10|TK,CT10-T|AI,None
CT10|TK,CT10-Pmp|PMP,OUTL
CT10,CT101-V,OUTL
CT10,CT102-V,OUTL
CT10|TK,CT10-V|V,INL
CT10-Pmp|PMP,CT10-PoDI|DI,None
CT10-Pmp|PMP,CT10-PoDO|DO,None
CT10-V,CT10-ViDI,INL
CT10-V,CT10-ViDO,INL
CT101-V,CT101-VoDI,None
CT101-V,CT101-VoDO,None
CT102-V,CT102-VoDI,None
CT102-V,CT102-VoDO,None
CT11|TK,CT11-L|AI,None
CT11|TK,CT11-T|AI,None
CT11|TK,CT11-Pmp|PMP,OUTL
CT11,CT111-V,OUTL
CT11,CT112-V,OUTL
CT11|TK,CT11-V|V,INL
CT11-Pmp|PMP,CT11-PoDI|DI,None
CT11-Pmp|PMP,CT11-PoDO|DO,None
CT11-V,CT11-ViDI,INL
CT11-V,CT11-ViDO,INL
CT111-V,CT111-VoDI,None
CT111-V,CT111-VoDO,None
CT112-V,CT112-VoDI,None
CT112-V,CT112-VoDO,None
CT12|TK,CT12-L|AI,None
CT12|TK,CT12-T|AI,None
CT12|TK,CT12-Pmp|PMP,OUTL
CT12,CT121-V,OUTL
CT12,CT122-V,OUTL
CT12|TK,CT12-V|V,INL
CT12-Pmp|PMP,CT12-PoDI|DI,None
CT12-Pmp|PMP,CT12-PoDO|DO,None
CT12-V,CT12-ViDI,INL
CT12-V,CT12-ViDO,INL
CT121-V,CT121-VoDI,None
CT121-V,CT121-VoDO,None
CT122-V,CT122-VoDI,None
CT122-V,CT122-VoDO,None
CT2RU1-P|P,RU1-2-DI|DI,IN
CT2RU1a-P|P,RU1-3-DI|DI,IN
CT2RU1b-P|P,RU1-4-DI|DI,IN
CT2RU2-P|P,RU2-2-DI|DI,IN
CT2RU2a-P|P,RU2-3-DI|DI,IN
CT2RU2b-P|P,RU2-4-DI|DI,IN
CTPipe01,CT01-PoDI,None
CTPipe011|SCO,CT011-VoDI|DI,None
CTPipe012|SCO,CT012-VoDI|DI,None
CTPipe02,CT02-PoDI,None
CTPipe021|SCO,CT021-VoDI|DI,None
CTPipe022|SCO,CT022-VoDI|DI,None
CTPipe03,CT03-PoDI,None
CTPipe031|SCO,CT031-VoDI|DI,None
CTPipe032|SCO,CT032-VoDI|DI,None
CTPipe04,CT04-PoDI,None
CTPipe041|SCO,CT041-VoDI|DI,None
CTPipe042|SCO,CT042-VoDI|DI,None
CTPipe05,CT05-PoDI,None
CTPipe051|SCO,CT051-VoDI|DI,None
CTPipe052|SCO,CT052-VoDI|DI,None
CTPipe06,CT06-PoDI,None
CTPipe061|SCO,CT061-VoDI|DI,None
CTPipe062|SCO,CT062-VoDI|DI,None
CTPipe07,CT07-PoDI,None
CTPipe071|SCO,CT071-VoDI|DI,None
CTPipe072|SCO,CT072-VoDI|DI,None
CTPipe08,CT08-PoDI,None
CTPipe081|SCO,CT081-VoDI|DI,None
CTPipe082|SCO,CT082-VoDI|DI,None
CTPipe09,CT09-PoDI,None
CTPipe091|SCO,CT091-VoDI|DI,None
CTPipe092|SCO,CT092-VoDI|DI,None
CTPipe10,CT10-PoDI,None
CTPipe101|SCO,CT101-VoDI|DI,None
CTPipe102|SCO,CT102-VoDI|DI,None
CTPipe11,CT11-PoDI,None
CTPipe111|SCO,CT111-VoDI|DI,None
CTPipe112|SCO,CT112-VoDI|DI,None
CTPipe12,CT12-PoDI,None
CTPipe121|SCO,CT121-VoDI|DI,None
CTPipe122|SCO,CT122-VoDI|DI,None
CTPmp011,CT01-PoDI,None
CTPmp011|SCO,CT01-PoDO|DO,None
CTPmp021,CT02-PoDI,None
CTPmp021|SCO,CT02-PoDO|DO,None
CTPmp031,CT03-PoDI,None
CTPmp031|SCO,CT03-PoDO|DO,None
CTPmp041,CT04-PoDI,None
CTPmp041|SCO,CT04-PoDO|DO,None
CTPmp051,CT05-PoDI,None
CTPmp051|SCO,CT05-PoDO|DO,None
CTPmp061,CT06-PoDI,None
CTPmp061|SCO,CT06-PoDO|DO,None
CTPmp071,CT07-PoDI,None
CTPmp071|SCO,CT07-PoDO|DO,None
CTPmp081,CT08-PoDI,None
CTPmp081|SCO,CT08-PoDO|DO,None
CTPmp091,CT09-PoDI,None
CTPmp091|SCO,CT09-PoDO|DO,None
CTPmp101,CT10-PoDI,None
CTPmp101|SCO,CT10-PoDO|DO,None
CTPmp111,CT11-PoDI,None
CTPmp111|SCO,CT11-PoDO|DO,None
CTPmp121,CT12-PoDI,None
CTPmp121|SCO,CT12-PoDO|DO,None
CTV011|SCO,CT011-VoDI|DI,None
CTV011|SCO,CT011-VoDO|DO,None
CTV012|SCO,CT012-VoDI|DI,None
CTV012|SCO,CT012-VoDO|DO,None
CTV021|SCO,CT021-VoDI|DI,None
CTV021|SCO,CT021-VoDO|DO,None
CTV022|SCO,CT022-VoDI|DI,None
CTV022|SCO,CT022-VoDO|DO,None
CTV031|SCO,CT031-VoDI|DI,None
CTV031|SCO,CT031-VoDO|DO,None
CTV032|SCO,CT032-VoDI|DI,None
CTV032|SCO,CT032-VoDO|DO,None
CTV041|SCO,CT041-VoDI|DI,None
CTV041|SCO,CT041-VoDO|DO,None
CTV042|SCO,CT042-VoDI|DI,None
CTV042|SCO,CT042-VoDO|DO,None
CTV051|SCO,CT051-VoDI|DI,None
CTV051|SCO,CT051-VoDO|DO,None
CTV052|SCO,CT052-VoDI|DI,None
CTV052|SCO,CT052-VoDO|DO,None
CTV061|SCO,CT061-VoDI|DI,None
CTV061|SCO,CT061-VoDO|DO,None
CTV062|SCO,CT062-VoDI|DI,None
CTV062|SCO,CT062-VoDO|DO,None
CTV071|SCO,CT071-VoDI|DI,None
CTV071|SCO,CT071-VoDO|DO,None
CTV072|SCO,CT072-VoDI|DI,None
CTV072|SCO,CT072-VoDO|DO,None
CTV081|SCO,CT081-VoDI|DI,None
CTV081|SCO,CT081-VoDO|DO,None
CTV082|SCO,CT082-VoDI|DI,None
CTV082|SCO,CT082-VoDO|DO,None
CTV091|SCO,CT091-VoDI|DI,None
CTV091|SCO,CT091-VoDO|DO,None
CTV092|SCO,CT092-VoDI|DI,None
CTV092|SCO,CT092-VoDO|DO,None
CTV101|SCO,CT101-VoDI|DI,None
CTV101|SCO,CT101-VoDO|DO,None
CTV102|SCO,CT102-VoDI|DI,None
CTV102|SCO,CT102-VoDO|DO,None
CTV111|SCO,CT111-VoDI|DI,None
CTV111|SCO,CT111-VoDO|DO,None
CTV112|SCO,CT112-VoDI|DI,None
CTV112|SCO,CT112-VoDO|DO,None
CTV121|SCO,CT121-VoDI|DI,None
CTV121|SCO,CT121-VoDO|DO,None
CTV122|SCO,CT122-VoDI|DI,None
CTV122|SCO,CT122-VoDO|DO,None
CurTemp|SCO,CTA-101|AI,None
CV-0001|C,DCT-0000|AI,1
D12-CV,Ship1-DI,1
D12-CV,Ship2-DI,2
D123-CV,Ship1-DI,1
D123-CV,Ship2-DI,2
D123-CV,,3
D1234-CV,Ship1-DI,1
D1234-CV,Ship2-DI,2
D1234-CV,,3
D1234-CV,Ship4-DI,4
DCT-0000|AI,TFPCom011|SCO,None
DCT-0000|AI,TFPCom012|SCO,None
DCT-0000|AI,TFPCom013|SCO,None
DCT-0000|AI,TFPCom014|SCO,None
DCT-0000|AI,TFPCom015|SCO,None
DCT-0000|AI,TFPCom016|SCO,None
DCT-0000|AI,TFPCom021|SCO,None
DCT-0000|AI,TFPCom022|SCO,None
DCT-0000|AI,TFPCom023|SCO,None
DCT-0000|AI,TFPCom024|SCO,None
DCT-0000|AI,TFPCom025|SCO,None
DCT-0000|AI,TFPCom026|SCO,None
DCT-0000|AI,TFPRU1-1|SCO,None
DCT-0000|AI,TFPRU1-2|SCO,None
DCT-0000|AI,TFPRU2-1|SCO,None
DCT-0000|AI,TFPRU2-2|SCO,None
DeCity|FLD,Crude|FLD,None
DeCity|FLD,Refined|FLD,None
DeCity|FLD,CT11|TK,None
Delivery|SCM,CDShip1|SCO,None
Delivery|SCM,CDShip2|SCO,None
Delivery|SCM,CDShip3|SCO,None
Delivery|SCM,CDShip4|SCO,None
Delivery|SCM,CDC04|SCO,None
Delivery|SCM,CDC01|SCO,None
Delivery|SCM,CDC02|SCO,None
Delivery|SCM,CDC03|SCO,None
Delivery|SCM,CDC05|SCO,None
Delivery|SCM,CDC06|SCO,None
Delivery|SCM,CDC07|SCO,None
Delivery|SCM,CDC08|SCO,None
Delivery|SCM,CDC09|SCO,None
Delivery|SCM,CDC10|SCO,None
Delivery|SCM,CDC11|SCO,None
Delivery|SCM,CDC12|SCO,None
Delivery|SCM,CDP-D1-1|SCO,None
Delivery|SCM,CDP-D3-1|SCO,None
Delivery|SCM,CDP-D2-1|SCO,None
Delivery|SCM,CDP-D4-1|SCO,None
Delivery|SCM,CDVi01|SCO,None
Delivery|SCM,CDVi02|SCO,None
Delivery|SCM,CDVi03|SCO,None
Delivery|SCM,CDVi04|SCO,None
Delivery|SCM,CDVi05|SCO,None
Delivery|SCM,CDVi06|SCO,None
Delivery|SCM,CDVi07|SCO,None
Delivery|SCM,CDVi08|SCO,None
Delivery|SCM,CDVi09|SCO,None
Delivery|SCM,CDVi10|SCO,None
Delivery|SCM,CDVi11|SCO,None
Delivery|SCM,CDVi12|SCO,None
Delivery|SCM,CDP-D2-3|SCO,None
Delivery|SCM,CDP-D3-4|SCO,None
Delivery|SCM,CDP-D4-Tks|SCO,None
Delivery|SCM,CDP-CT01|SCO,None
Delivery|SCM,CDP-CT5|SCO,None
Delivery|SCM,CDP-CT05|SCO,None
Delivery|SCM,CDP-CT09|SCO,None
Delivery|SCM,CDP-CT02|SCO,None
Delivery|SCM,CDP-DCT-1|SCO,None
Delivery|SCM,CDP-DCT-2|SCO,None
Delivery|SCM,CDP-CT03|SCO,None
Delivery|SCM,CDP-CT04|SCO,None
Delivery|SCM,CDP-CT06|SCO,None
Delivery|SCM,CDP-CT07|SCO,None
Delivery|SCM,CDP-CT08|SCO,None
Delivery|SCM,CDP-CT10|SCO,None
Delivery|SCM,CDP-CT11|SCO,None
Delivery|SCM,CDP-CT12|SCO,None
DK11PoDI,DK11PoDO,OUT
DK12PoDI,DK12PoDO,OUT
DK13PoDI,DK13PoDO,OUT
DK14PoDI,DK14PoDO,OUT
DK21PoDI,DK21PoDO,OUT
DK22PoDI,DK22PoDO,OUT
DK23PoDI,DK23PoDO,OUT
DK24PoDI,DK24PoDO,OUT
DK31PoDI,DK31PoDO,OUT
DK32PoDI,DK32PoDO,OUT
DK33PoDI,DK33PoDO,OUT
DK34PoDI,DK34PoDO,OUT
DK41PoDI,DK41PoDO,OUT
DK42PoDI,DK42PoDO,OUT
DK43PoDI,DK43PoDO,OUT
DK44PoDI,DK44PoDO,OUT
Dock1,Dock1Stn1,STN
Dock1,Dock1Stn2,STN
Dock1,Dock1Stn3,STN
Dock1,Dock1Stn4,STN
Dock1,Ship1-DI,None
Dock1,S317,DK
Dock1,Ship1-DI,None
Dock1Stn1,DK1-1Pmp,PMP
Dock1Stn2,DK1-2Pmp,PMP
Dock1Stn3,DK1-3Pmp,PMP
Dock1Stn4,DK1-4Pmp,PMP
Dock2|DK,Ship2-DI|DI,None
Dock2|DK,S316|S,DK
Dock2|DK,Dock2Stn1|STN,STN
Dock2|DK,Dock2Stn2|STN,STN
Dock2|DK,Dock2Stn3|STN,STN
Dock2|DK,Dock2Stn4|STN,STN
Dock2Stn1|STN,DK2-1Pmp|PMP,PMP
Dock2Stn2|STN,DK2-2Pmp|PMP,PMP
Dock2Stn3|STN,DK2-3Pmp|PMP,PMP
Dock2Stn4|STN,DK2-4Pmp|PMP,PMP
Dock3,,None
Dock3|DK,Dock3Stn1|STN,STN
Dock3|DK,Dock3Stn2|STN,STN
Dock3|DK,Dock3Stn3|STN,STN
Dock3|DK,Dock3Stn4|STN,STN
Dock3Stn1|STN,DK3-1Pmp|PMP,None
Dock3Stn2|STN,DK3-2Pmp|PMP,None
Dock3Stn3|STN,DK3-3Pmp|PMP,None
Dock3Stn4|STN,DK3-4Pmp|PMP,None
Dock4|DK,Dock4Stn1|STN,STN
Dock4|DK,Dock4Stn2|STN,STN
Dock4|DK,Dock4Stn3|STN,STN
Dock4|DK,Dock4Stn4|STN,STN
Dock4,Ship4-DI,None
Dock4Stn1|STN,DK4-1Pmp|PMP,None
Dock4Stn2|STN,DK4-2Pmp|PMP,None
Dock4Stn3|STN,DK4-3Pmp|PMP,None
Dock4Stn4|STN,DK4-4Pmp|PMP,None
FOT01|TK,FOT01-L|AI,None
FOT01|TK,FOT01-T|AI,None
FOT01|TK,FOT01-Pmp|PMP,OUTL
FOT01|TK,FOT01-Vo|V,OUTL
FOT01|TK,FOT01-Vi|V,INL
FOT01-Pmp,FOT01-PoDI,OUTL
FOT01-Pmp,FOT01-PoDO,OUTL
FOT01-Vi,FOT01-ViDI,INL
FOT01-Vi,FOT01-ViDO,INL
FOT01-Vo,FOT01-VoDI,OUTL
FOT01-Vo,FOT01-VoDO,OUTL
FOT02|TK,FOT02-L|AI,None
FOT02|TK,FOT02-T|AI,None
FOT02|TK,FOT02-Vi|V,INL
FOT02|TK,FOT02-Vo|V,OUTL
FOT02|TK,FOT02-Pmp|V,OUTL
FOT02-Pmp,FOT02-PoDI,None
FOT02-Pmp,FOT02-PoDO,None
FOT02-Vi,FOT02-ViDI,None
FOT02-Vi,FOT02-ViDO,None
FOT02-Vo,FOT02-VoDI,None
FOT02-Vo,FOT02-VoDO,None
FOT03|TK,FOT03-L|AI,None
FOT03|TK,FOT03-T|AI,None
FOT03|TK,FOT03-Vi|V,INL
FOT03|TK,FOT03-Vo|V,OUTL
FOT03|TK,FOT03-Pmp|PMP,OUTL
FOT03-Pmp,FOT03-PoDI,OUTL
FOT03-Pmp,FOT03-PoDO,OUTL
FOT03-Vi,FOT03-ViDI,INL
FOT03-Vi,FOT03-ViDO,INL
FOT03-Vo,FOT03-VoDI,OUTL
FOT03-Vo,FOT03-VoDO,OUTL
FOT04|TK,FOT04-L|AI,None
FOT04|TK,FOT04-T|AI,None
FOT04|TK,FOT04-Vi|V,INL
FOT04|TK,FOT04-Vo|V,OUTL
FOT04|TK,FOT04-Pmp|PMP,OUTL
FOT04-Pmp,FOT04-PoDI,OUTL
FOT04-Pmp,FOT04-PoDO,OUTL
FOT04-Vi,FOT04-ViDI,INL
FOT04-Vi,FOT04-ViDO,INL
FOT04-Vo,FOT04-VoDI,OUTL
FOT04-Vo,FOT04-VoDO,OUTL
FOT05|TK,FOT05-L|AI,None
FOT05|TK,FOT05-T|AI,None
FOT05|TK,FOT05-Vi|V,INL
FOT05|TK,FOT05-Vo|V,OUTL
FOT05|TK,FOT05-Pmp|PMP,OUTL
FOT05-Pmp,FOT05-PoDI,OUTL
FOT05-Pmp,FOT05-PoDO,OUTL
FOT05-Vi,FOT05-ViDI,INL
FOT05-Vi,FOT05-ViDO,INL
FOT05-Vo,FOT05-VoDI,OUTL
FOT05-Vo,FOT05-VoDO,OUTL
FOT06|TK,FOT06-L|AI,None
FOT06|TK,FOT06-T|AI,None
FOT06|TK,FOT06-Vi|V,INL
FOT06|TK,FOT06-Vo|V,OUTL
FOT06|TK,FOT06-Pmp|PMP,OUTL
FOT06-Pmp,FOT06-PoDI,OUTL
FOT06-Pmp,FOT06-PoDO,OUTL
FOT06-Vi,FOT06-ViDI,INL
FOT06-Vi,FOT06-ViDO,INL
FOT06-Vo,FOT06-VoDI,OUTL
FOT06-Vo,FOT06-VoDO,OUTL
FOT07|TK,FOT07-L|AI,None
FOT07|TK,FOT07-T|AI,None
FOT07|TK,FOT07-Vi|V,INL
FOT07|TK,FOT07-Vo|V,OUTL
FOT07|TK,FOT07-Pmp|PMP,OUTL
FOT07-Pmp,FOT07-PoDI,OUTL
FOT07-Pmp,FOT07-PoDO,OUTL
FOT07-Vi,FOT07-ViDI,INL
FOT07-Vi,FOT07-ViDO,INL
FOT07-Vo,FOT07-VoDI,OUTL
FOT07-Vo,FOT07-VoDO,OUTL
FOT08|TK,FOT08-L|AI,None
FOT08|TK,FOT08-T|AI,None
FOT08|TK,FOT08-Vi|V,INL
FOT08|TK,FOT08-Vo|V,OUTL
FOT08|TK,FOT08-Pmp|PMP,OUTL
FOT08-Pmp,FOT08-PoDI,OUTL
FOT08-Pmp,FOT08-PoDO,OUTL
FOT08-Vi,FOT08-ViDI,INL
FOT08-Vi,FOT08-ViDO,INL
FOT08-Vo,FOT08-VoDI,OUTL
FOT08-Vo,FOT08-VoDO,OUTL
FOT09|TK,FOT09-L|AI,None
FOT09|TK,FOT09-T|AI,None
FOT09|TK,FOT09-Vi|V,INL
FOT09|TK,FOT09-Vo|V,OUTL
FOT09|TK,FOT09-Pmp|PMP,OUTL
FOT09-Pmp,FOT09-PoDI,OUTL
FOT09-Pmp,FOT09-PoDO,OUTL
FOT09-Vi,FOT09-ViDI,INL
FOT09-Vi,FOT09-ViDO,INL
FOT09-Vo,FOT09-VoDI,OUTL
FOT09-Vo,FOT09-VoDO,OUTL
FOT10|TK,FOT10-L|AI,None
FOT10|TK,FOT10-T|AI,None
FOT10|TK,FOT10-Vi|V,INL
FOT10|TK,FOT10-Vo|V,OUTL
FOT10|TK,FOT10-Pmp|PMP,OUTL
FOT10-Pmp,FOT10-PoDI,OUTL
FOT10-Pmp,FOT10-PoDO,OUTL
FOT10-Vi,FOT10-ViDI,INL
FOT10-Vi,FOT10-ViDO,INL
FOT10-Vo,FOT10-VoDI,OUTL
FOT10-Vo,FOT10-VoDO,OUTL
FOT11|TK,FOT11-L|AI,None
FOT11|TK,FOT11-T|AI,None
FOT11|TK,FOT11-Vi|V,INL
FOT11|TK,FOT11-Vo|V,OUTL
FOT11|TK,FOT11-Pmp|PMP,OUTL
FOT11-Pmp,FOT11-PoDI,OUTL
FOT11-Pmp,FOT11-PoDO,OUTL
FOT11-Vi,FOT11-ViDI,INL
FOT11-Vi,FOT11-ViDO,INL
FOT11-Vo,FOT11-VoDI,OUTL
FOT11-Vo,FOT11-VoDO,OUTL
FOUnit|PU,FOT01|TK,None
FOUnit|PU,FOT02|TK,None
FOUnit|PU,FOT03|TK,None
FOUnit|PU,FOT04|TK,None
FOUnit|PU,FOT05|TK,None
FOUnit|PU,FOT06|TK,None
FOUnit|PU,FOT07|TK,None
FOUnit|PU,FOT08|TK,None
FOUnit|PU,FOT09|TK,None
FOUnit|PU,FOT10|TK,None
FOUnit|PU,FOT11|TK,None
FuelOils|FLD,FOT01|TK,None
FuelOils|FLD,FOT02|TK,None
FuelOils|FLD,FOT03|TK,None
FuelOils|FLD,FOT04|TK,None
FuelOils|FLD,FOT05|TK,None
FuelOils|FLD,FOT06|TK,None
FuelOils|FLD,FOT07|TK,None
FuelOils|FLD,FOT08|TK,None
FuelOils|FLD,FOT09|TK,None
FuelOils|FLD,FOT10|TK,None
FuelOils|FLD,FOT11|TK,None
Gasoline|FLD,GT01|TK,None
Gasoline|FLD,GT02|TK,None
Gasoline|FLD,GT03|TK,None
Gasoline|FLD,GT04|TK,None
Gasoline|FLD,GT05|TK,None
Gasoline|FLD,GT06|TK,None
Gasoline|FLD,GT07|TK,None
Gasoline|FLD,GT08|TK,None
Gasoline|FLD,GT09|TK,None
Gasoline|FLD,GT10|TK,None
Gasoline|FLD,GT11|TK,None
Gasoline|FLD,GT12|TK,None
Gasoline|FLD,GT13|TK,None
Gasoline|FLD,GT14|TK,None
Gasoline|FLD,GT15|TK,None
GasoUnit|PU,GT05|TK,None
GasoUnit|PU,GT06|TK,None
GasoUnit|PU,GT07|TK,None
GasoUnit|PU,GT08|TK,None
GasoUnit|PU,GT09|TK,None
GasoUnit|PU,GT10|TK,None
GasoUnit|PU,GT11|TK,None
GasoUnit|PU,GT12|TK,None
GasoUnit|PU,GT13|TK,None
GasoUnit|PU,GT14|TK,None
GasoUnit|PU,GT15|TK,None
GasoUnit|PU,GT01|TK,None
GasoUnit|PU,GT02|TK,None
GasoUnit|PU,GT03|TK,None
GasoUnit|PU,GT04|TK,None
GD-GT01|SCO,GT01-L|AI,None
GD-GT02|SCO,GT02-L|AI,None
GD-GT03|SCO,GT03-L|AI,None
GD-GT04|SCO,GT04-L|AI,None
GD-GT05|SCO,GT05-L|AI,None
GD-GT06|SCO,GT06-L|AI,None
GD-GT07|SCO,GT07-L|AI,None
GD-GT08|SCO,GT08-L|AI,None
GD-GT09|SCO,GT09-L|AI,None
GD-GT10|SCO,GT10-L|AI,None
GD-GT11|SCO,GT11-L|AI,None
GD-GT12|SCO,GT12-L|AI,None
GD-GT13|SCO,GT13-L|AI,None
GD-GT14|SCO,GT14-L|AI,None
GD-GT15|SCO,GT15-L|AI,None
GDlivery|SCM,GDRU1|SCO,None
GDlivery|SCM,GDRU2|SCO,None
GDlivery|SCM,GD-GT01|SCO,None
GDlivery|SCM,GD-GT07|SCO,None
GDlivery|SCM,GD-GT08|SCO,None
GDlivery|SCM,GD-GT09|SCO,None
GDlivery|SCM,GD-GT02|SCO,None
GDlivery|SCM,GD-GT03|SCO,None
GDlivery|SCM,GD-GT04|SCO,None
GDlivery|SCM,GD-GT05|SCO,None
GDlivery|SCM,GD-GT06|SCO,None
GDlivery|SCM,GD-GT10|SCO,None
GDlivery|SCM,GD-GT11|SCO,None
GDlivery|SCM,GD-GT12|SCO,None
GDlivery|SCM,GD-GT13|SCO,None
GDlivery|SCM,GD-GT14|SCO,None
GDlivery|SCM,GD-GT15|SCO,None
GDlivery|SCM,GDP-RU1|SCO,None
GDlivery|SCM,GDP-RU2|SCO,None
GDlivery|SCM,GDP-GT1|SCO,None
GDlivery|SCM,GDP-GT2|SCO,None
GDlivery|SCM,GDVi01|SCO,None
GDlivery|SCM,GDVi02|SCO,None
GDlivery|SCM,GDVi03|SCO,None
GDlivery|SCM,GDVi04|SCO,None
GDlivery|SCM,GDVi05|SCO,None
GDlivery|SCM,GDVi06|SCO,None
GDlivery|SCM,GDVi07|SCO,None
GDlivery|SCM,GDVi08|SCO,None
GDlivery|SCM,GDVi09|SCO,None
GDlivery|SCM,GDVi10|SCO,None
GDlivery|SCM,GDVi11|SCO,None
GDlivery|SCM,GDVi12|SCO,None
GDlivery|SCM,GDVi13|SCO,None
GDlivery|SCM,GDVi14|SCO,None
GDlivery|SCM,GDVi15|SCO,None
GDlivery|SCM,GDP-GT4|SCO,None
GDlivery|SCM,GDP-GT3|SCO,None
GDlivery|SCM,GDP-RUGT01|SCO,None
GDlivery|SCM,GDP-RUGT02|SCO,None
GDlivery|SCM,GDP-RUGT03|SCO,None
GDlivery|SCM,GDP-RUGT04|SCO,None
GDlivery|SCM,GDP-RUGT05|SCO,None
GDlivery|SCM,GDP-RUGT06|SCO,None
GDlivery|SCM,GDP-RUGT07|SCO,None
GDlivery|SCM,GDP-RUGT10|SCO,None
GDlivery|SCM,GDP-RUGT11|SCO,None
GDlivery|SCM,GDP-RUGT12|SCO,None
GDlivery|SCM,GDP-RUGT13|SCO,None
GDlivery|SCM,GDP-RUGT14|SCO,None
GDlivery|SCM,GDP-RUGT15|SCO,None
GDlivery|SCM,GDP-RUGT08|SCO,None
GDlivery|SCM,GDP-RUGT09|SCO,None
GDP-GT1|SCO,RU2-OnOff|DI,None
GDP-GT2|SCO,RU1-OnOff|DI,None
GDP-GT3|SCO,RU1-OnOff|DI,None
GDP-GT4|SCO,RU1-OnOff|DI,None
GDP-RU1|SCO,RU1-OnOff|DI,None
GDP-RU2|SCO,RU2-OnOff|DI,None
GDP-RUGT01,GT01-ViDI,None
GDP-RUGT01,GT01-ViDO,None
GDP-RUGT02,GT02-ViDI,None
GDP-RUGT02,GT09-ViDO,None
GDP-RUGT03,GT03-ViDI,None
GDP-RUGT03,GT03-ViDO,None
GDP-RUGT04,GT04-ViDI,None
GDP-RUGT04,GT04-ViDO,None
GDP-RUGT05,GT05-ViDI,None
GDP-RUGT05,GT05-ViDO,None
GDP-RUGT06,GT06-ViDI,None
GDP-RUGT06,GT06-ViDO,None
GDP-RUGT07,GT07-ViDI,None
GDP-RUGT07,GT07-ViDO,None
GDP-RUGT08,GT08-ViDI,None
GDP-RUGT08,GT08-ViDO,None
GDP-RUGT09,GT09-ViDI,None
GDP-RUGT09,GT09-ViDO,None
GDP-RUGT10,GT10-ViDI,None
GDP-RUGT10,GT10-ViDO,None
GDP-RUGT11,GT11-ViDI,None
GDP-RUGT11,GT11-ViDO,None
GDP-RUGT12,GT12-ViDI,None
GDP-RUGT12,GT12-ViDO,None
GDP-RUGT13,GT13-ViDI,None
GDP-RUGT13,GT13-ViDO,None
GDP-RUGT14,GT14-ViDI,None
GDP-RUGT14,GT14-ViDO,None
GDP-RUGT15,GT15-ViDI,None
GDP-RUGT15,GT15-ViDO,None
GDRU1,RU1-OnOff,None
GDRU2,RU2-OnOff,None
GDVi01,GT01-ViDI,None
GDVi01,GT01-ViDO,None
GDVi02,GT02-ViDI,None
GDVi02,GT02-ViDO,None
GDVi03,GT03-ViDI,None
GDVi03,GT03-ViDO,None
GDVi04,GT04-ViDI,None
GDVi04,GT04-ViDO,None
GDVi05,GT05-ViDI,None
GDVi05,GT05-ViDO,None
GDVi06,GT06-ViDI,None
GDVi06,GT06-ViDO,None
GDVi07,GT07-ViDI,None
GDVi07,GT07-ViDO,None
GDVi08,GT08-ViDI,None
GDVi08,GT07-ViDO,None
GDVi09,GT09-ViDI,None
GDVi09,GT09-ViDO,None
GDVi10,GT10-ViDI,None
GDVi10,GT10-ViDO,None
GDVi11,GT11-ViDI,None
GDVi11,GT11-ViDO,None
GDVi12,GT12-ViDI,None
GDVi12,GT12-ViDO,None
GDVi13,GT13-ViDI,None
GDVi13,GT13-ViDO,None
GDVi14,GT14-ViDI,None
GDVi14,GT14-ViDO,None
GDVi15,GT15-ViDI,None
GDVi15,GT15-ViDO,None
GT01|TK,GT01-L|AI,None
GT01|TK,GT01-T|AI,None
GT01|TK,GT01-Vi|V,INL
GT01|TK,GT01-Vo|V,OUTL
GT01|TK,GT01-Pmp|PMP,OUTL
GT01-Pmp,GT01-PoDI,OUTL
GT01-Pmp,GT01-PoDO,OUTL
GT01-Vi,GT01-ViDI,INL
GT01-Vi,GT01-ViDO,INL
GT01-Vo,GT01-VoDI,OUTL
GT01-Vo,GT01-VoDO,OUTL
GT02|TK,GT02-L|AI,None
GT02|TK,GT02-T|AI,None
GT02|TK,GT02-Vi|V,INL
GT02|TK,GT02-Vo|V,OUTL
GT02|TK,GT02-Pmp|PMP,OUTL
GT02-Pmp,GT02-PoDI,OUTL
GT02-Pmp,GT02-PoDO,OUTL
GT02-Vi,GT02-ViDI,INL
GT02-Vi,GT02-ViDO,INL
GT02-Vo,GT02-VoDI,OUTL
GT02-Vo,GT02-VoDO,OUTL
GT03|TK,GT03-L|AI,None
GT03|TK,GT03-T|AI,None
GT03|TK,GT03-Vi|V,INL
GT03|TK,GT03-Vo|V,OUTL
GT03|TK,GT03-Pmp|PMP,OUTL
GT03-Pmp,GT03-PoDI,OUTL
GT03-Pmp,GT03-PoDO,OUTL
GT03-Vi,GT03-ViDI,INL
GT03-Vi,GT03-ViDO,INL
GT03-Vo,GT03-VoDI,OUTL
GT03-Vo,GT03-VoDO,OUTL
GT04|TK,GT04-L|AI,None
GT04|TK,GT04-T|AI,None
GT04|TK,GT04-Vi|V,INL
GT04|TK,GT04-Vo|V,OUTL
GT04|TK,GT04-Pmp|PMP,OUTL
GT04-Pmp,GT04-PoDI,OUTL
GT04-Pmp,GT04-PoDO,OUTL
GT04-Vi,GT04-ViDI,INL
GT04-Vi,GT04-ViDO,INL
GT04-Vo,GT04-VoDI,OUTL
GT04-Vo,GT04-VoDO,OUTL
GT05|TK,GT05-L|AI,None
GT05|TK,GT05-T|AI,None
GT05|TK,GT05-Vi|V,INL
GT05|TK,GT05-Vo|V,OUTL
GT05|TK,GT05-Pmp|PMP,OUTL
GT05-Pmp,GT05-PoDI,OUTL
GT05-Pmp,GT05-PoDO,OUTL
GT05-Vi,GT05-ViDI,INL
GT05-Vi,GT05-ViDO,INL
GT05-Vo,GT05-VoDI,OUTL
GT05-Vo,GT05-VoDO,OUTL
GT06|TK,GT06-L|AI,None
GT06|TK,GT06-T|AI,None
GT06|TK,GT06-Vi|V,INL
GT06|TK,GT06-Vo|V,OUTL
GT06|TK,GT06-Pmp|PMP,OUTL
GT06-Pmp,GT06-PoDI,OUTL
GT06-Pmp,GT06-PoDO,OUTL
GT06-Vi,GT06-ViDI,INL
GT06-Vi,GT06-ViDO,INL
GT06-Vo,GT06-VoDI,OUTL
GT06-Vo,GT06-VoDO,OUTL
GT07|TK,GT07-L|AI,None
GT07|TK,GT07-T|AI,None
GT07|TK,GT07-Vi|V,INL
GT07|TK,GT07-Vo|V,OUTL
GT07|TK,GT07-Pmp|PMP,OUTL
GT07-Pmp,GT07-PoDI,OUTL
GT07-Pmp,GT07-PoDO,OUTL
GT07-Vi,GT07-ViDI,INL
GT07-Vi,GT07-ViDO,INL
GT07-Vo,GT07-VoDI,OUTL
GT07-Vo,GT07-VoDO,OUTL
GT08|TK,GT08-L|AI,None
GT08|TK,GT08-T|AI,None
GT08|TK,GT08-Vi|V,INL
GT08|TK,GT08-Vo|V,OUTL
GT08|TK,GT08-Pmp|PMP,OUTL
GT08-Pmp,GT08-PoDI,OUTL
GT08-Pmp,GT08-PoDO,OUTL
GT08-Vi,GT08-ViDI,INL
GT08-Vi,GT08-ViDO,INL
GT08-Vo,GT08-VoDI,OUTL
GT08-Vo,GT08-VoDO,OUTL
GT09|TK,GT09-L|AI,None
GT09|TK,GT09-T|AI,None
GT09|TK,GT09-Vi|V,INL
GT09|TK,GT09-Vo|V,OUTL
GT09|TK,GT09-Pmp|PMP,OUTL
GT09-Pmp,GT09-PoDI,OUTL
GT09-Pmp,GT09-PoDO,OUTL
GT09-Vi,GT09-ViDI,INL
GT09-Vi,GT09-ViDO,INL
GT09-Vo,GT09-VoDI,OUTL
GT09-Vo,GT09-VoDO,OUTL
GT10|TK,GT10-L|AI,None
GT10|TK,GT10-T|AI,None
GT10|TK,GT10-Vi|V,INL
GT10|TK,GT10-Vo|V,OUTL
GT10|TK,GT10-Pmp|PMP,OUTL
GT10-Pmp,GT10-PoDI,OUTL
GT10-Pmp,GT10-PoDO,OUTL
GT10-Vi,GT10-ViDI,INL
GT10-Vi,GT10-ViDO,INL
GT10-Vo,GT10-VoDI,OUTL
GT10-Vo,GT10-VoDO,OUTL
GT11|TK,GT11-L|AI,None
GT11|TK,GT11-T|AI,None
GT11|TK,GT11-Vi|V,INL
GT11|TK,GT11-Vo|V,OUTL
GT11|TK,GT11-Pmp|PMP,OUTL
GT11-Pmp,GT11-PoDI,OUTL
GT11-Pmp,GT11-PoDO,OUTL
GT11-Vi,GT11-ViDI,INL
GT11-Vi,GT11-ViDO,INL
GT11-Vo,GT11-VoDI,OUTL
GT11-Vo,GT11-VoDO,OUTL
GT12|TK,GT12-L|AI,None
GT12|TK,GT12-T|AI,None
GT12|TK,GT12-Vi|V,INL
GT12|TK,GT12-Vo|V,OUTL
GT12|TK,GT12-Pmp|PMP,OUTL
GT12-Pmp,GT12-PoDI,OUTL
GT12-Pmp,GT12-PoDO,OUTL
GT12-Vi,GT12-ViDI,INL
GT12-Vi,GT12-ViDO,INL
GT12-Vo,GT12-VoDI,OUTL
GT12-Vo,GT12-VoDO,OUTL
GT13|TK,GT13-L|AI,None
GT13|TK,GT13-T|AI,None
GT13|TK,GT13-Vi|V,INL
GT13|TK,GT13-Vo|V,OUTL
GT13|TK,GT13-Pmp|PMP,OUTL
GT13-Pmp,GT13-PoDI,OUTL
GT13-Pmp,GT13-PoDO,OUTL
GT13-Vi,GT13-ViDI,INL
GT13-Vi,GT13-ViDO,INL
GT13-Vo,GT13-VoDI,OUTL
GT13-Vo,GT13-VoDO,OUTL
GT14|TK,GT14-L|AI,None
GT14|TK,GT14-T|AI,None
GT14|TK,GT14-Vi|V,INL
GT14|TK,GT14-Vo|V,OUTL
GT14|TK,GT14-Pmp|PMP,OUTL
GT14-Pmp,GT14-PoDI,OUTL
GT14-Pmp,GT14-PoDO,OUTL
GT14-Vi,GT14-ViDI,INL
GT14-Vi,GT14-ViDO,INL
GT14-Vo,GT14-VoDI,OUTL
GT14-Vo,GT14-VoDO,OUTL
GT15|TK,GT15-L|AI,None
GT15|TK,GT15-T|AI,None
GT15|TK,GT15-Vi|V,INL
GT15|TK,GT15-Vo|V,OUTL
GT15|TK,GT15-Pmp|PMP,OUTL
GT15-Pmp,GT15-PoDI,OUTL
GT15-Pmp,GT15-PoDO,OUTL
GT15-Vi,GT15-ViDI,INL
GT15-Vi,GT15-ViDO,INL
GT15-Vo,GT15-VoDI,OUTL
GT15-Vo,GT15-VoDO,OUTL
HPump|SCO,RU1CP-DI|DI,None
HPumpR|SCO,RU1CP-DI|DI,None
JetFuels|FLD,JT01|TK,None
JetFuels|FLD,JT02|TK,None
JetFuels|FLD,JT03|TK,None
JetFuels|FLD,JT04|TK,None
JetFuels|FLD,JT05|TK,None
JetFuels|FLD,JT06|TK,None
JetFuels|FLD,JT07|TK,None
JetFuels|FLD,JT08|TK,None
JetFuels|FLD,JT09|TK,None
JetFuels|FLD,JT10|TK,None
JetFuels|FLD,JT11|TK,None
JetFuels|FLD,JT12|TK,None
JetFuelUni|PU,JT01|TK,None
JetFuelUni|PU,JT02|TK,None
JetFuelUni|PU,JT03|TK,None
JetFuelUni|PU,JT04|TK,None
JetFuelUni|PU,JT05|TK,None
JetFuelUni|PU,JT06|TK,None
JetFuelUni|PU,JT07|TK,None
JetFuelUni|PU,JT08|TK,None
JetFuelUni|PU,JT09|TK,None
JetFuelUni|PU,JT10|TK,None
JetFuelUni|PU,JT11|TK,None
JetFuelUni|PU,JT12|TK,None
JT01|TK,JT01-L|AI,None
JT01|TK,JT01-T|AI,None
JT01|TK,JT01-Vi|V,INL
JT01|TK,JT01-Vo|V,OUTL
JT01|TK,JT01-Pmp|PMP,OUTL
JT01-Pmp,JT01-PoDI,OUTL
JT01-Pmp,JT01-PoDO,OUTL
JT01-Vi,JT01-ViDI,INL
JT01-Vi,JT01-ViDO,INL
JT01-Vo,JT01-VoDI,OUTL
JT01-Vo,JT01-VoDO,OUTL
JT02|TK,JT02-L|AI,None
JT02|TK,JT02-T|AI,None
JT02|TK,JT02-Vi|V,INL
JT02|TK,JT02-Vo|V,OUTL
JT02|TK,JT02-Pmp|PMP,OUTL
JT02-Pmp,JT02-PoDI,OUTL
JT02-Pmp,JT02-PoDO,OUTL
JT02-Vi,JT02-ViDI,INL
JT02-Vi,JT02-ViDO,INL
JT02-Vo,JT02-VoDI,OUTL
JT02-Vo,JT02-VoDO,OUTL
JT03|TK,JT03-L|AI,None
JT03|TK,JT03-T|AI,None
JT03|TK,JT03-Vi|V,INL
JT03|TK,JT03-Vo|V,OUTL
JT03|TK,JT03-Pmp|PMP,OUTL
JT03-Pmp,JT03-PoDI,OUTL
JT03-Pmp,JT03-PoDO,OUTL
JT03-Vi,JT03-ViDI,INL
JT03-Vi,JT03-ViDO,INL
JT03-Vo,JT03-VoDI,OUTL
JT03-Vo,JT03-VoDO,OUTL
JT04|TK,JT04-L|AI,None
JT04|TK,JT04-T|AI,None
JT04|TK,JT04-Vi|V,INL
JT04|TK,JT04-Vo|V,OUTL
JT04|TK,JT04-Pmp|PMP,OUTL
JT04-Pmp,JT04-PoDI,OUTL
JT04-Pmp,JT04-PoDO,OUTL
JT04-Vi,JT04-ViDI,INL
JT04-Vi,JT04-ViDO,INL
JT04-Vo,JT04-VoDI,OUTL
JT04-Vo,JT04-VoDO,OUTL
JT05|TK,JT05-L|AI,None
JT05|TK,JT05-T|AI,None
JT05|TK,JT05-Vi|V,INL
JT05|TK,JT05-Vo|V,OUTL
JT05|TK,JT05-Pmp|PMP,OUTL
JT05-Pmp,JT05-PoDI,OUTL
JT05-Pmp,JT05-PoDO,OUTL
JT05-Vi,JT05-ViDI,INL
JT05-Vi,JT05-ViDO,INL
JT05-Vo,JT05-VoDI,OUTL
JT05-Vo,JT05-VoDO,OUTL
JT06|TK,JT06-L|AI,None
JT06|TK,JT06-T|AI,None
JT06|TK,JT06-Vi|V,INL
JT06|TK,JT06-Vo|V,OUTL
JT06|TK,JT06-Pmp|PMP,OUTL
JT06-Pmp,JT06-PoDI,OUTL
JT06-Pmp,JT06-PoDO,OUTL
JT06-Vi,JT06-ViDI,INL
JT06-Vi,JT06-ViDO,INL
JT06-Vo,JT06-VoDI,OUTL
JT06-Vo,JT06-VoDO,OUTL
JT07|TK,JT07-L|AI,None
JT07|TK,JT07-T|AI,None
JT07|TK,JT07-Vi|V,INL
JT07|TK,JT07-Vo|V,OUTL
JT07|TK,JT07-Pmp|PMP,OUTL
JT07-Pmp,JT07-PoDI,OUTL
JT07-Pmp,JT07-PoDO,OUTL
JT07-Vi,JT07-ViDI,INL
JT07-Vi,JT07-ViDO,INL
JT07-Vo,JT07-VoDI,OUTL
JT07-Vo,JT07-VoDO,OUTL
JT08|TK,JT08-L|AI,None
JT08|TK,JT08-T|AI,None
JT08|TK,JT08-Vi|V,INL
JT08|TK,JT08-Vo|V,OUTL
JT08|TK,JT08-Pmp|PMP,OUTL
JT08-Pmp,JT08-PoDI,OUTL
JT08-Pmp,JT08-PoDO,OUTL
JT08-Vi,JT08-ViDI,INL
JT08-Vi,JT08-ViDO,INL
JT08-Vo,JT08-VoDI,OUTL
JT08-Vo,JT08-VoDO,OUTL
JT09|TK,JT09-L|AI,None
JT09|TK,JT09-T|AI,None
JT09|TK,JT09-Vi|V,INL
JT09|TK,JT09-Vo|V,OUTL
JT09|TK,JT09-Pmp|PMP,OUTL
JT09-Pmp,JT09-PoDI,OUTL
JT09-Pmp,JT09-PoDO,OUTL
JT09-Vi,JT09-ViDI,INL
JT09-Vi,JT09-ViDO,INL
JT09-Vo,JT09-VoDI,OUTL
JT09-Vo,JT09-VoDO,OUTL
JT10|TK,JT10-L|AI,None
JT10|TK,JT10-T|AI,None
JT10|TK,JT10-Vi|V,INL
JT10|TK,JT10-Vo|V,OUTL
JT10|TK,JT10-Pmp|PMP,OUTL
JT10-Pmp,JT10-PoDI,OUTL
JT10-Pmp,JT10-PoDO,OUTL
JT10-Vi,JT10-ViDI,INL
JT10-Vi,JT10-ViDO,INL
JT10-Vo,JT10-VoDI,OUTL
JT10-Vo,JT10-VoDO,OUTL
JT11|TK,JT11-L|AI,None
JT11|TK,JT11-T|AI,None
JT11|TK,JT11-Vi|V,INL
JT11|TK,JT11-Vo|V,OUTL
JT11|TK,JT11-Pmp|PMP,OUTL
JT11-Pmp,JT11-PoDI,OUTL
JT11-Pmp,JT11-PoDO,OUTL
JT11-Vi,JT11-ViDI,INL
JT11-Vi,JT11-ViDO,INL
JT11-Vo,JT11-VoDI,OUTL
JT11-Vo,JT11-VoDO,OUTL
JT12|TK,JT12-L|AI,None
JT12|TK,JT12-T|AI,None
JT12|TK,JT12-Vi|V,INL
JT12|TK,JT12-Vo|V,OUTL
JT12|TK,JT12-Pmp|PMP,OUTL
JT12-Pmp,JT12-PoDI,OUTL
JT12-Pmp,JT12-PoDO,OUTL
JT12-Vi,JT12-ViDI,INL
JT12-Vi,JT12-ViDO,INL
JT12-Vo,JT12-VoDI,OUTL
JT12-Vo,JT12-VoDO,OUTL
Local|PU,DCM-0000|AI,None
Local|PU,DCP-0000|AI,None
Local|PU,DCR-0000|AI,None
Local|PU,DCT-0000|AI,None
Local|PU,C-101|AI,None
Local|PU,C-101|AI,None
Local|PU,C-101|AI,None
Local|PU,DCL-0000|AI,None
Local|PU,C-101|AI,None
Local|PU,C-101|AI,None
Local|PU,CTA-101|AI,None
Local|PU,C-101|AI,None
LT01|TK,LT01-L|AI,None
LT01|TK,LT01-T|AI,None
LT01|TK,LT01-Vi|V,INL
LT01|TK,LT01-Vo|V,OUTL
LT01|TK,LT01-Pmp|PMP,OUTL
LT01-Pmp,LT01-PoDI,OUTL
LT01-Pmp,LT01-PoDO,OUTL
LT01-Vi,LT01-ViDI,INL
LT01-Vi,LT01-ViDO,INL
LT01-Vo,LT01-VoDI,OUTL
LT01-Vo,LT01-VoDO,OUTL
LT02|TK,LT02-L|AI,None
LT02|TK,LT02-T|AI,None
LT02|TK,LT02-Vi|V,INL
LT02|TK,LT02-Vo|V,OUTL
LT02|TK,LT02-Pmp|PMP,OUTL
LT02-Pmp,LT02-PoDI,OUTL
LT02-Pmp,LT02-PoDO,OUTL
LT02-Vi,LT02-ViDI,INL
LT02-Vi,LT02-ViDO,INL
LT02-Vo,LT02-VoDI,OUTL
LT02-Vo,LT02-VoDO,OUTL
LT03|TK,LT03-L|AI,None
LT03|TK,LT03-T|AI,None
LT03|TK,LT03-Vi|V,INL
LT03|TK,LT03-Vo|V,OUTL
LT03|TK,LT03-Pmp|PMP,OUTL
LT03-Pmp,LT03-PoDI,OUTL
LT03-Pmp,LT03-PoDO,OUTL
LT03-Vi,LT03-ViDI,INL
LT03-Vi,LT03-ViDO,INL
LT03-Vo,LT03-VoDI,OUTL
LT03-Vo,LT03-VoDO,OUTL
LT04|TK,LT04-L|AI,None
LT04|TK,LT04-T|AI,None
LT04|TK,LT04-Vi|V,INL
LT04|TK,LT04-Vo|V,OUTL
LT04|TK,LT04-Pmp|PMP,OUTL
LT04-Pmp,LT04-PoDI,OUTL
LT04-Pmp,LT04-PoDO,OUTL
LT04-Vi,LT04-ViDI,INL
LT04-Vi,LT04-ViDO,INL
LT04-Vo,LT04-VoDI,OUTL
LT04-Vo,LT04-VoDO,OUTL
LubeUnit|PU,LT01|TK,None
LubeUnit|PU,LT02|TK,None
LubeUnit|PU,LT03|TK,None
LubeUnit|PU,LT04|TK,None
NapthaUnit|PU,NT01|TK,None
NapthaUnit|PU,NT02|TK,None
NapthaUnit|PU,NT03|TK,None
NapthaUnit|PU,NT04|TK,None
NT01|TK,NT01-L|AI,None
NT01|TK,NT01-T|AI,None
NT01|TK,NT01-Vi|V,INL
NT01|TK,NT01-Vo|V,OUTL
NT01|TK,NT01-Pmp|PMP,OUTL
NT01-Pmp,NT01-PoDI,OUTL
NT01-Pmp,NT01-PoDO,OUTL
NT01-Vi,NT01-ViDI,INL
NT01-Vi,NT01-ViDO,INL
NT01-Vo,NT01-VoDI,OUTL
NT01-Vo,NT01-VoDO,OUTL
NT02|TK,NT02-L|AI,None
NT02|TK,NT02-T|AI,None
NT02|TK,NT02-Vi|V,INL
NT02|TK,NT02-Vo|V,OUTL
NT02|TK,NT02-Pmp|PMP,OUTL
NT02-Pmp,NT02-PoDI,OUTL
NT02-Pmp,NT02-PoDO,OUTL
NT02-Vi,NT02-ViDI,INL
NT02-Vi,NT02-ViDO,INL
NT02-Vo,NT02-VoDI,OUTL
NT02-Vo,NT02-VoDO,OUTL
NT03|TK,NT03-L|AI,None
NT03|TK,NT03-T|AI,None
NT03|TK,NT03-Vi|V,INL
NT03|TK,NT03-Vo|V,OUTL
NT03|TK,NT03-Pmp|PMP,OUTL
NT03-Pmp,NT03-PoDI,OUTL
NT03-Pmp,NT03-PoDO,OUTL
NT03-Vi,NT03-ViDI,INL
NT03-Vi,NT03-ViDO,INL
NT03-Vo,NT03-VoDI,OUTL
NT03-Vo,NT03-VoDO,OUTL
NT04|TK,NT04-L|AI,None
NT04|TK,NT04-T|AI,None
NT04|TK,NT04-Vi|V,INL
NT04|TK,NT04-Vo|V,OUTL
NT04|TK,NT04-Pmp|PMP,OUTL
NT04-Pmp,NT04-PoDI,OUTL
NT04-Pmp,NT04-PoDO,OUTL
NT04-Vi,NT04-ViDI,INL
NT04-Vi,NT04-ViDO,INL
NT04-Vo,NT04-VoDI,OUTL
NT04-Vo,NT04-VoDO,OUTL
P1toRU|SCO,RU1CP-DI|DI,None
RefindLvls|PU,GT01|TK,None
RefindLvls|PU,GT02|TK,None
RefindLvls|PU,GT03|TK,None
RefindLvls|PU,GT04|TK,None
RefindLvls|PU,GT05|TK,None
RefindLvls|PU,GT06|TK,None
RefindLvls|PU,GT07|TK,None
RefindLvls|PU,GT08|TK,None
RefindLvls|PU,GT09|TK,None
RefindLvls|PU,GT10|TK,None
RefindLvls|PU,GT11|TK,None
RefindLvls|PU,GT12|TK,None
RefindLvls|PU,FOT01|TK,None
RefindLvls|PU,FOT02|TK,None
RefindLvls|PU,FOT03|TK,None
RefindLvls|PU,FOT04|TK,None
RefindLvls|PU,FOT05|TK,None
Refined|FLD,JetFuels|FLD,None
Refined|FLD,Gasoline|FLD,None
Refined|FLD,FuelOils|FLD,None
Refined|FLD,Asphalts|FLD,None
Refined|FLD,NT04|TK,None
Refined|FLD,AT01|TK,None
Refined|FLD,AT02|TK,None
Refined|FLD,AT03|TK,None
Refined|FLD,AT04|TK,None
Refined|FLD,FOT01|TK,None
Refined|FLD,FOT02|TK,None
Refined|FLD,FOT03|TK,None
Refined|FLD,FOT04|TK,None
Refined|FLD,FOT05|TK,None
Refined|FLD,FOT06|TK,None
Refined|FLD,FOT07|TK,None
Refined|FLD,FOT08|TK,None
Refined|FLD,FOT09|TK,None
Refined|FLD,FOT10|TK,None
Refined|FLD,FOT11|TK,None
Refined|FLD,GT01|TK,None
Refined|FLD,GT02|TK,None
Refined|FLD,GT03|TK,None
Refined|FLD,GT04|TK,None
Refined|FLD,GT05|TK,None
Refined|FLD,GT06|TK,None
Refined|FLD,GT07|TK,None
Refined|FLD,GT08|TK,None
Refined|FLD,GT09|TK,None
Refined|FLD,GT10|TK,None
Refined|FLD,GT11|TK,None
Refined|FLD,GT12|TK,None
Refined|FLD,GT13|TK,None
Refined|FLD,GT14|TK,None
Refined|FLD,GT15|TK,None
Refined|FLD,JT01|TK,None
Refined|FLD,JT02|TK,None
Refined|FLD,JT03|TK,None
Refined|FLD,JT04|TK,None
Refined|FLD,JT05|TK,None
Refined|FLD,JT06|TK,None
Refined|FLD,JT07|TK,None
Refined|FLD,JT08|TK,None
Refined|FLD,JT09|TK,None
Refined|FLD,JT10|TK,None
Refined|FLD,JT11|TK,None
Refined|FLD,JT12|TK,None
Refined|FLD,LT01|TK,None
Refined|FLD,LT02|TK,None
Refined|FLD,LT03|TK,None
Refined|FLD,LT04|TK,None
Refined|FLD,WT01|TK,None
Refined|FLD,WT02|TK,None
Refined|FLD,WT03|TK,None
Refined|FLD,NT01|TK,None
Refined|FLD,NT02|TK,None
Refined|FLD,NT03|TK,None
RefUnit1,RU1CP-DI,None
RefUnit1,CT2RU1-P,INL
RefUnit1,CT2RU1a-P,INL
RefUnit1,CT2RU1b-P,INL
RefUnit1,RU1CP-DI,None
RefUnit2|RU,RU2CP-DI|DI,IN
RefUnit2|RU,CT2RU2-P|P,INL
RefUnit2|RU,CT2RU2a-P|P,INL
RefUnit2|RU,CT2RU2b-P|P,INL
RU1-2-CV|C,RU2-3-DI|DI,1
RU1-2-CV|C,RU2-4-DI|DI,2
RU1-3-CV|C,Com011-DI|DI,1
RU1-3-CV|C,Com012-DI|DI,2
RU1-3-CV|C,Com013-DI|DI,3
RU1-4-CV|C,Com014-DI|DI,1
RU1-4-CV|C,Com015-DI|DI,2
RU1-4-CV|C,Com016-DI|DI,3
RU2-2-CV|C,RU2-3-DI|DI,1
RU2-2-CV|C,RU2-4-DI|DI,2
RU2-3-CV|C,Com021-DI|DI,1
RU2-3-CV|C,Com022-DI|DI,2
RU2-3-CV|C,Com023-DI|DI,3
RU2-4-CV|C,Com024-DI|DI,1
RU2-4-CV|C,Com025-DI|DI,2
RU2-4-CV|C,Com026-DI|DI,3
Schematic0|SCM,CurTemp|SCO,None
Schematic0|SCM,CrudeTK01|SCO,None
Schematic0|SCM,WindDir|SCO,None
Schematic0|SCM,P1toRU|SCO,None
Schematic0|SCM,V2RU|SCO,None
Schematic0|SCM,VV2RU|SCO,None
Schematic0|SCM,WindSpeed|SCO,None
Schematic0|SCM,VPump|SCO,None
Schematic0|SCM,HPump|SCO,None
Schematic0,RefUnit1,None
Schematic0,Dock1,None
Schematic0|SCM,HPumpR|SCO,None
Schematic0|SCM,VPumpR|SCO,None
Schematic0|SCM,3WayValve|SCO,None
Schematic0|SCM,3WayVlvBtm|SCO,None
Schematic0|SCM,3WayVlvLft|SCO,None
Schematic0|SCM,3WayVlvRt|SCO,None
TankField|SCM,TFRU1|SCO,None
TankField|SCM,TFRU2|SCO,None
TankField|SCM,TFPRU1-0|SCO,None
TankField|SCM,TFPRU2-0|SCO,None
TankField|SCM,TFC01|SCO,None
TankField|SCM,TFC02|SCO,None
TankField|SCM,TFC03|SCO,None
TankField|SCM,TFC04|SCO,None
TankField|SCM,TFC05|SCO,None
TankField|SCM,TFC06|SCO,None
TankField|SCM,TFC07|SCO,None
TankField|SCM,TFC08|SCO,None
TankField|SCM,TFC09|SCO,None
TankField|SCM,TFC10|SCO,None
TankField|SCM,TFC11|SCO,None
TankField|SCM,TFC12|SCO,None
TankField|SCM,CTPmp011|SCO,None
TankField|SCM,CTV011|SCO,None
TankField|SCM,CTPipe011|SCO,None
TankField|SCM,CTPipe012|SCO,None
TankField|SCM,CTPmp021|SCO,None
TankField|SCM,CTPipe021|SCO,None
TankField|SCM,CTPipe022|SCO,None
TankField|SCM,CTV021|SCO,None
TankField|SCM,CTPmp031|SCO,None
TankField|SCM,CTPipe031|SCO,None
TankField|SCM,CTPipe032|SCO,None
TankField|SCM,CTV031|SCO,None
TankField|SCM,CTPmp041|SCO,None
TankField|SCM,CTPipe041|SCO,None
TankField|SCM,CTPipe042|SCO,None
TankField|SCM,CTV041|SCO,None
TankField|SCM,CTPmp051|SCO,None
TankField|SCM,CTPipe051|SCO,None
TankField|SCM,CTPipe052|SCO,None
TankField|SCM,CTV051|SCO,None
TankField|SCM,CTPmp061|SCO,None
TankField|SCM,CTPipe061|SCO,None
TankField|SCM,CTPipe062|SCO,None
TankField|SCM,CTV061|SCO,None
TankField|SCM,CTPmp071|SCO,None
TankField|SCM,CTPipe071|SCO,None
TankField|SCM,CTPipe072|SCO,None
TankField|SCM,CTV071|SCO,None
TankField|SCM,CTPmp081|SCO,None
TankField|SCM,CTPipe081|SCO,None
TankField|SCM,CTPipe082|SCO,None
TankField|SCM,CTV081|SCO,None
TankField|SCM,CTPmp091|SCO,None
TankField|SCM,CTPipe091|SCO,None
TankField|SCM,CTPipe092|SCO,None
TankField|SCM,CTV091|SCO,None
TankField|SCM,CTPmp101|SCO,None
TankField|SCM,CTPipe101|SCO,None
TankField|SCM,CTPipe102|SCO,None
TankField|SCM,CTV101|SCO,None
TankField|SCM,CTPmp111|SCO,None
TankField|SCM,CTPipe111|SCO,None
TankField|SCM,CTPipe112|SCO,None
TankField|SCM,CTV111|SCO,None
TankField|SCM,CTPmp121|SCO,None
TankField|SCM,CTPipe121|SCO,None
TankField|SCM,CTPipe122|SCO,None
TankField|SCM,CTV121|SCO,None
TankField|SCM,CTPipe01|SCO,None
TankField|SCM,CTPipe02|SCO,None
TankField|SCM,CTPipe03|SCO,None
TankField|SCM,CTPipe04|SCO,None
TankField|SCM,CTPipe05|SCO,None
TankField|SCM,CTPipe06|SCO,None
TankField|SCM,CTPipe07|SCO,None
TankField|SCM,CTPipe08|SCO,None
TankField|SCM,CTPipe09|SCO,None
TankField|SCM,CTPipe10|SCO,None
TankField|SCM,CTPipe11|SCO,None
TankField|SCM,CTPipe12|SCO,None
TankField|SCM,CTV012|SCO,None
TankField|SCM,CTV022|SCO,None
TankField|SCM,CTV032|SCO,None
TankField|SCM,CTV042|SCO,None
TankField|SCM,CTV052|SCO,None
TankField|SCM,CTV062|SCO,None
TankField|SCM,CTV072|SCO,None
TankField|SCM,CTV082|SCO,None
TankField|SCM,CTV092|SCO,None
TankField|SCM,CTV102|SCO,None
TankField|SCM,CTV112|SCO,None
TankField|SCM,CTV122|SCO,None
TankField|SCM,TFPRU1-3|SCO,None
TankField|SCM,TFPRU1-4|SCO,None
TankField|SCM,TFPRU2-3|SCO,None
TankField|SCM,TFPRU2-4|SCO,None
TFC01|SCO,CT01-L|AI,None
TFC02|SCO,CT02-L|AI,None
TFC03|SCO,CT03-L|AI,None
TFC04|SCO,CT04-L|AI,None
TFC05|SCO,CT05-L|AI,None
TFC06|SCO,CT06-L|AI,None
TFC07|SCO,CT07-L|AI,None
TFC08|SCO,CT08-L|AI,None
TFC09|SCO,CT09-L|AI,None
TFC10|SCO,CT10-L|AI,None
TFC11|SCO,CT11-L|AI,None
TFC12|SCO,CT12-L|AI,None
TFPCom011|SCO,Com011-DI|DI,None
TFPCom012|SCO,Com012-DI|DI,None
TFPCom013|SCO,Com013-DI|DI,None
TFPCom014|SCO,Com014-DI|DI,None
TFPCom015|SCO,Com015-DI|DI,None
TFPCom016|SCO,Com016-DI|DI,None
TFPCom021|SCO,Com021-DI|DI,None
TFPCom022|SCO,Com022-DI|DI,None
TFPCom023|SCO,Com023-DI|DI,None
TFPCom024|SCO,Com024-DI|DI,None
TFPCom025|SCO,Com025-DI|DI,None
TFPCom026|SCO,Com026-DI|DI,None
TFPRU1-0|SCO,RU1-2-DI|DI,None
TFPRU1-1|SCO,RU1-2-DI|DI,None
TFPRU1-2|SCO,RU1-2-DI|DI,None
TFPRU1-3|SCO,RU1-3-DI|DI,None
TFPRU1-4|SCO,RU1-4-DI|DI,None
TFPRU2-0|SCO,RU2-2-DI|DI,None
TFPRU2-1|SCO,RU2-2-DI|DI,None
TFPRU2-2|SCO,RU2-2-DI|DI,None
TFPRU2-3|SCO,RU2-3-DI|DI,None
TFPRU2-4|SCO,RU2-4-DI|DI,None
TFRU1|SCO,RU1-OnOff|DI,None
TFRU2|SCO,RU2-OnOff|DI,None
V2RU|SCO,RU1CP-DI|DI,None
V2RU|SCO,RU1CP-DO|DO,None
VPump|SCO,RU1CP-DI|DI,None
VPumpR|SCO,RU1CP-DI|DI,None
VV2RU|SCO,RU1CP-DI|DI,None
WindDir|SCO,DCM-0000|AI,None
WindSpeed|SCO,DCR-0000|AI,None
WT01|TK,RT01-L|AI,None
WT01|TK,RT01-T|AI,None
WT01|TK,WT01-Vi|V,INL
WT01|TK,WT01-Vo|V,OUTL
WT01|TK,WT01-Pmp|PMP,OUTL
WT01-Pmp,WT01-PoDI,OUTL
WT01-Pmp,WT01-PoDO,OUTL
WT01-Vi,WT01-ViDI,INL
WT01-Vi,WT01-ViDO,INL
WT01-Vo,WT01-VoDI,OUTL
WT01-Vo,WT01-VoDO,OUTL
WT02|TK,RT02-L|AI,None
WT02|TK,RT02-T|AI,None
WT02|TK,WT02-Vi|V,INL
WT02|TK,WT02-Vo|V,OUTL
WT02|TK,WT02-Pmp|PMP,OUTL
WT02-Pmp,WT02-PoDI,OUTL
WT02-Pmp,WT02-PoDO,OUTL
WT02-Vi,WT02-ViDI,INL
WT02-Vi,WT02-ViDO,INL
WT02-Vo,WT02-VoDI,OUTL
WT02-Vo,WT02-VoDO,OUTL
WT03|TK,RT03-L|AI,None
WT03|TK,RT03-T|AI,None
WT03|TK,WT03-Vi|V,INL
WT03|TK,WT03-Vo|V,OUTL
WT03|TK,WT03-Pmp|PMP,OUTL
WT03-Pmp,WT03-PoDI,OUTL
WT03-Pmp,WT03-PoDO,OUTL
WT03-Vi,WT03-ViDI,INL
WT03-Vi,WT03-ViDO,INL
WT03-Vo,WT03-VoDI,OUTL
WT03-Vo,WT03-VoDO,OUTL
End