Table,tag,,
ColumnConstrained,ConstraintTable,ConstraintField,ConstraintEquivalence,2ndTable,2ndField,2ndEquivalence
Data,,,
name,description,tag_type_code,misc,c1_lat,c1_long,c2_lat,c2_long,active
DeCity,Delaware City Refinery,FLD,None,39.592313,-75.641903,39.579168,-75.619368,Y
StCroix,St. Croix USVI Refinery,FLD,None,39.583824,-75.627185,39.583002,-75.627185,N
Crude,Crude Field Delaware City,FLD,None,39.585193,-75.628699,39.580756,-75.623171,Y
Refined,Refined Products Delaware City,FLD,None,39.591601,-75.629544,39.58711,-75.620741,Y
Gasoline,Gasoline Delaware City,FLD,None,39.591683,-75.629544,39.587165,-75.624333,Y
FuelOils,Fuel Oils Delaware City,FLD,None,39.590369,-75.627995,39.58711,-75.623312,Y
Asphalts,Asphalts Delaware City,FLD,None,39.590232,-75.624298,39.587137,-75.620143,Y
CT01,Crude Tank 1,TK,C,39.584946,-75.6281,39.584207,-75.627185,Y
CT02,Crude Tank 2,TK,C,39.583851,-75.6281,39.583002,-75.627185,Y
CT03,Crude Tank 3,TK,C,39.582755,-75.6281,39.581961,-75.627185,Y
CT04,Crude Tank 4,TK,C,39.581687,-75.6281,39.580784,-75.627185,Y
CT05,Crude Tank 5,TK,C,39.584946,-75.62634,39.584207,-75.625459,Y
CT06,Crude Tank 6,TK,C,39.583851,-75.62634,39.583002,-75.625459,Y
CT07,Crude Tank 7,TK,C,39.582755,-75.62634,39.581961,-75.625459,Y
CT08,Crude Tank 8,TK,C,39.581687,-75.62634,39.580784,-75.625459,Y
CT09,Crude Tank 9,TK,C,39.584946,-75.624579,39.584207,-75.623699,Y
CT10,Crude Tank 10,TK,C,39.583851,-75.624579,39.583002,-75.623699,Y
CT11,Crude Tank 11,TK,C,39.582755,-75.624579,39.581961,-75.623699,Y
CT12,Crude Tank 12,TK,C,39.581687,-75.624579,39.580784,-75.623699,Y
GT01,Gasoline Tank 1,TK,G,39.591165,-75.629051,39.590672,-75.628312,Y
GT02,Gasoline Tank 2,TK,G,39.59048,-75.629051,39.589987,-75.628312,Y
GT03,Gasoline Tank 3,TK,G,39.589795,-75.629051,39.589302,-75.628312,Y
GT04,Gasoline Tank 4,TK,G,39.58911,-75.629051,39.588617,-75.628312,Y
GT05,Gasoline Tank 5,TK,G,39.588425,-75.629051,39.587932,-75.628312,Y
GT06,Gasoline Tank 6,TK,G,39.58774,-75.629051,39.587247,-75.628312,Y
GT07,Gasoline Tank 7,TK,G,39.591165,-75.627819,39.590672,-75.628312,Y
GT08,Gasoline Tank 8,TK,G,39.591165,-75.626762,39.590672,-75.626023,Y
GT09,Gasoline Tank 9,TK,G,39.591165,-75.625636,39.590672,-75.624897,Y
GT10,Gasoline Tank 10,TK,G,39.59015,-75.627819,39.589794,-75.628312,Y
GT11,Gasoline Tank 11,TK,G,39.589684,-75.627819,39.589355,-75.628312,Y
GT12,Gasoline Tank 12,TK,G,39.589246,-75.627819,39.588862,-75.628312,Y
GT13,Gasoline Tank 13,TK,G,39.588753,-75.627819,39.588397,-75.628312,Y
GT14,Gasoline Tank 14,TK,G,39.58826,-75.627819,39.587877,-75.628312,Y
GT15,Gasoline Tank 15,TK,G,39.58763,-75.627819,39.587219,-75.628312,Y
JFT01,Jet Fuel Tank 1,TK,JF,39.590232,-75.624931,39.589903,-75.624438,Y
JFT02,Jet Fuel Tank 2,TK,JF,39.589739,-75.624931,39.58941,-75.624438,Y
JFT03,Jet Fuel Tank 2,TK,JF,39.589246,-75.624931,39.588917,-75.624438,Y
JFT04,Jet Fuel Tank 4,TK,JF,39.588753,-75.624931,39.588424,-75.624438,Y
JFT05,Jet Fuel Tank 5,TK,JF,39.58826,-75.624931,39.587931,-75.624438,Y
JFT06,Jet Fuel Tank 6,TK,JF,39.587767,-75.624931,39.587438,-75.624438,Y
JFT07,Jet Fuel Tank 7,TK,JF,39.590232,-75.624086,39.589903,-75.623593,Y
JFT08,Jet Fuel Tank 8,TK,JF,39.589739,-75.624086,39.58941,-75.623593,Y
JFT09,Jet Fuel Tank 9,TK,JF,39.589246,-75.624086,39.588917,-75.623593,Y
JFT10,Jet Fuel Tank 10,TK,JF,39.588753,-75.624086,39.588424,-75.623593,Y
JFT11,Jet Fuel Tank 11,TK,JF,39.58826,-75.624086,39.587931,-75.623593,Y
JFT12,Jet Fuel Tank 12,TK,JF,39.587767,-75.624086,39.587438,-75.623593,Y
FOT01,Fuel Oil Tank 1,TK,FO,39.590222,-75.626888,39.589811,-75.62636,Y
FOT02,Fuel Oil Tank 2,TK,FO,39.589709,-75.626888,39.589298,-75.62636,Y
FOT03,Fuel Oil Tank 3,TK,FO,39.589196,-75.626888,39.588785,-75.62636,Y
FOT04,Fuel Oil Tank 4,TK,FO,39.588683,-75.626888,39.588272,-75.62636,Y
FOT05,Fuel Oil Tank 5,TK,FO,39.58817,-75.626888,39.587759,-75.62636,Y
FOT06,Fuel Oil Tank 6,TK,FO,39.587657,-75.626888,39.587246,-75.62636,Y
FOT07,Fuel Oil Tank 7,TK,FO,39.589709,-75.625917,39.589298,-75.625389,Y
FOT08,Fuel Oil Tank 8,TK,FO,39.589196,-75.625917,39.588785,-75.625389,Y
FOT09,Fuel Oil Tank 9,TK,FO,39.588683,-75.625917,39.588272,-75.625389,Y
FOT10,Fuel Oil Tank 10,TK,FO,39.58817,-75.625917,39.587759,-75.625389,Y
FOT11,Fuel Oil Tank 11,TK,FO,39.587657,-75.625917,39.587246,-75.625389,Y
WT01,Waxl Tank 1,TK,W,39.591711,-75.622326,39.591218,-75.621727,Y
WT02,Wax Tank 2,TK,W,39.591135,-75.622291,39.590807,-75.621798,Y
WT03,Wax Tank 3,TK,W,39.591245,-75.621586,39.590807,-75.620952,Y
NT01,Liquid Refinery Gas Tank 1,TK,N,39.587767,-75.6231,39.587438,-75.622502,Y
NT02,Liquid Refinery Gas Tank 2,TK,N,39.590232,-75.6231,39.589903,-75.622502,Y
NT03,Liquid Refinery Gas Tank 3,TK,N,39.590232,-75.622291,39.589903,-75.621762,Y
NT04,Naptha Tank 4,TK,N,39.589739,-75.622185,39.58941,-75.621762,Y
AT01,Asphalt Tank 2,TK,A,39.589246,-75.622185,39.588917,-75.621762,Y
AT02,Asphalt Tank 3,TK,A,39.590232,-75.62134,39.589903,-75.620917,Y
AT03,Asphalt Tank 4,TK,A,39.589739,-75.62134,39.58941,-75.620917,Y
AT04,Asphalt Tank 5,TK,A,39.589246,-75.62134,39.588917,-75.620917,Y
LT01,Lubricant Tank 1,TK,L,39.589739,-75.6231,39.58941,-75.622502,Y
LT02,Lubricant Tank 2,TK,L,39.589246,-75.6231,39.588917,-75.622502,Y
LT03,Lubricant Tank 3,TK,L,39.588753,-75.6231,39.588424,-75.622502,Y
LT04,Lubricant Tank 4,TK,L,39.58826,-75.6231,39.587931,-75.622502,Y
RefProd,NULL,HS,None,39.592029,-75.625879,0.0,-75.62514,Y
CrudeHS,NULL,HS,None,39.585595,-75.625879,0.0,-75.62514,Y
RU1C-Pmp,Unit 1 Crude Pump,PMP,None,0.0,-75.625879,0.0,-75.62514,Y
RU1G-Pmp,Unit 1 Gasoline Pump,PMP,None,0.0,-75.625879,0.0,-75.62514,Y
RU1FO-Pmp,Unit 1 Fuel Oil Pump,PMP,None,0.0,-75.625879,0.0,-75.62514,Y
RU1J-Pmp,Unit 1 Jet Fuel Pump,PMP,None,0.0,-75.625879,0.0,-75.62514,Y
RU1RF-Pmp,Unit 1 RFO Pump,PMP,None,0.0,-75.625879,0.0,-75.62514,Y
RU1LR-Pmp,Unit 1 LRG Pump,PMP,None,0.0,-75.625879,0.0,-75.62514,Y
RU1A-Pmp,Unit 1 Asphalt Pump,PMP,None,0.0,-75.625879,0.0,-75.62514,Y
RU1L-Pmp,Unit 1 Lubricant Pump,PMP,None,0.0,-75.625879,0.0,-75.62514,Y
RU2C-Pmp,Unit 2 Crude Pump,PMP,None,0.0,-75.625879,0.0,-75.62514,Y
RU2G-Pmp,Unit 2 Gasoline Pump,PMP,None,0.0,-75.625879,0.0,-75.62514,Y
RU2FO-Pmp,Unit 2 Fuel Oil Pump,PMP,None,0.0,-75.625879,0.0,-75.62514,Y
RU2J-Pmp,Unit 2 Jet Fuel Pump,PMP,None,0.0,-75.625879,0.0,-75.62514,Y
RU2RF-Pmp,Unit 2 RFO Pump,PMP,None,0.0,-75.625879,0.0,-75.62514,Y
RU2LR-Pmp,Unit 2 LRG Pump,PMP,None,0.0,-75.625879,0.0,-75.62514,Y
RU2A-Pmp,Unit 2 Asphalt Pump,PMP,None,0.0,-75.625879,0.0,-75.62514,Y
RU2L-Pmp,Unit 2 Lubricant Pump,PMP,None,0.0,-75.625879,0.0,-75.62514,Y
CrudeUnit,Crude Tank Unit,PU,None,39.585111,-75.628558,39.580674,-75.623206,Y
RefindLvls,Refined Tank Levels,PU,None,39.591711,-75.625879,39.587137,-75.62514,Y
RefUnit1,None,RU,None,39.586507,-75.635389,39.583933,-75.633276,Y
RefUnit2,None,RU,None,39.589629,-75.635037,39.586672,-75.633347,Y
AsfaltUnit,Asphalt tank unit,PU,None,0.0,-75.625879,0.0,-75.62514,Y
FOUnit,Fuel Oil Tank Unit,PU,None,0.0,-75.625879,0.0,-75.62514,Y
GasoUnit,Gasoline Tank Unit,PU,None,0.0,-75.625879,0.0,-75.62514,Y
JetFuelUni,Jet Fuel Unit,PU,None,0.0,-75.625879,0.0,-75.62514,Y
JetFuels,Jet Fuel Unit,FLD,None,39.590286,-75.626164,39.587165,-75.622361,Y
Local,Local Weather,PU,None,0.0,-75.625879,0.0,-75.62514,Y
TC314,Tank Car 1,TC,None,0.0,0.0,0.0,0.0,Y
TT315,Tank Truck 1,TT,G,None,None,None,None,Y
S316,AFRAMax Ship 1,S,C,0.0,0.0,0.0,0.0,Y
S317,SuezMax Ship 2,S,C,0.0,0.0,0.0,0.0,Y
LubeUnit,Lubrication Tank Unit,PU,None,39.590259,-75.626164,39.587055,-75.62053,Y
NapthaUnit,Naptha Tanks,PU,None,39.590341,-75.626164,39.587165,-75.620354,Y
Schematic0,Schematic Insert - Test 0,SCM,0,0.0,0.0,0.0,0.0,Y
Schematic1,Schematic Insert - Test 1,SCM,0,0.0,0.0,0.0,0.0,Y
Schematic2,Schematic Insert - Test 2,SCM,None,0.0,0.0,0.0,0.0,Y
Schematic3,Schematic Insert - Test 3,SCM,None,0.0,0.0,0.0,0.0,Y
CurTemp,None,SCO,TX,17.0,504.0,40.0,609.0,Y
CrudeTK01,None,SCO,TK,353.0,80.0,417.0,110.0,Y
WindDir,None,SCO,G,45.0,508.0,135.0,596.0,Y
P1toRU,None,SCO,P,404.0,108.0,404.0,182.0,Y
V2RU,None,SCO,VH,398.0,182.0,422.0,194.0,Y
VV2RU,None,SCO,VV,179.0,186.0,191.0,210.0,Y
WindSpeed,None,SCO,TX,135.0,535.0,155.0,598.0,Y
VPump,None,SCO,PT,95.0,248.0,110.0,258.0,Y
HPump,None,SCO,PL,56.0,248.0,66.0,263.0,Y
RefUnit1,None,SCO,RU,5.0,6.0,41.0,74.0,Y
Dock1,None,SCO,SH,403.0,498.0,465.0,620.0,Y
CtoR1,Crude transfer to refinery unit 1,XFR,C,0.0,0.0,0.0,0.0,Y
R2toA,Asphalt transfer from refinery unit 2,XFR,A,0.0,0.0,0.0,0.0,Y
R2toFO,Fuel oil transfer from refinery unit 2,XFR,FO,0.0,0.0,0.0,0.0,Y
R2toG,Gasoline transfer from refinery unit 2,XFR,G,0.0,0.0,0.0,0.0,Y
R1toJF,Jet fuel transfer from refinery unit 1,XFR,JF,0.0,0.0,0.0,0.0,Y
R1toL,Lubricant transfer from refinery unit 1,XFR,L,0.0,0.0,0.0,0.0,Y
R2toN,Naptha transfer from refinery unit 2,XFR,N,0.0,0.0,0.0,0.0,Y
R1toFO,Fuel oil transfer from refinery unit 1,XFR,FO,0.0,0.0,0.0,0.0,Y
R1toG,Gasoline transfer from refinery unit 1,XFR,G,0.0,0.0,0.0,0.0,Y
R1toN,Naptha transfer from refinery unit 1,XFR,N,0.0,0.0,0.0,0.0,Y
CtoR2,Crude transfer to refinery unit 2,XFR,C,0.0,0.0,0.0,0.0,Y
R2toL,Lubricant transfer from refinery unit 2,XFR,L,0.0,0.0,0.0,0.0,Y
R2toJF,Jet fuel transfer from refinery unit 2,XFR,JF,0.0,0.0,0.0,0.0,Y
GtoTT1,Gasoline transfer to tank truck,XFR,G,0.0,0.0,0.0,0.0,Y
R1toA,Asphalt transfer from refinery unit 1,XFR,A,0.0,0.0,0.0,0.0,Y
GtoTC,Gasoline transfer to tank car,XFR,G,0.0,0.0,0.0,0.0,Y
TankField,Tank Field,SCM,0,0.0,0.0,0.0,0.0,Y
TFRU1,RefUnit 1,SCO,RU,15.0,31.0,62.0,150.0,Y
TFRU2,RefUnit2,SCO,RU,15.0,502.0,60.0,552.0,Y
TFPRU1-0,None,SCO,P,50.0,42.0,89.0,45.0,Y
TFPRU2-0,None,SCO,P,50.0,542.0,75.0,542.0,Y
TFPRU1-1,None,SCO,P,89.0,43.0,89.0,600.0,Y
TFPRU2-1,None,SCO,P,75.0,542.0,75.0,620.0,Y
TFC01,Crude TK 1,SCO,TK,125.0,15.0,170.0,95.0,Y
TFC02,Crude TK 2,SCO,TK,235.0,15.0,280.0,95.0,Y
TFC03,Crude TK 3,SCO,TK,305.0,15.0,350.0,95.0,Y
TFC04,Crude TK 4,SCO,TK,415.0,15.0,470.0,95.0,Y
TFC05,Crude TK 5,SCO,TK,125.0,200.0,170.0,280.0,Y
TFC06,Crude TK 6,SCO,TK,235.0,200.0,280.0,280.0,Y
TFC07,Crude TK 7,SCO,TK,305.0,200.0,350.0,280.0,Y
TFC08,Crude TK 8,SCO,TK,415.0,200.0,470.0,280.0,Y
TFC09,Crude TK 9,SCO,TK,125.0,385.0,170.0,465.0,Y
TFC10,Crude TK 10,SCO,TK,235.0,385.0,280.0,465.0,Y
TFC11,Crude TK 11,SCO,TK,305.0,385.0,350.0,465.0,Y
TFC12,Crude TK 12,SCO,TK,415.0,385.0,470.0,465.0,Y
TFPCom011,None,SCO,P,141.0,170.0,255.0,170.0,Y
TFPCom021,None,SCO,P,167.0,181.0,280.0,181.0,Y
TFPCom012,None,SCO,P,141.0,355.0,255.0,355.0,Y
TFPCom022,None,SCO,P,167.0,368.0,280.0,368.0,Y
TFPCom013,None,SCO,P,141.0,541.0,256.0,541.0,Y
TFPCom023,None,SCO,P,167.0,553.0,280.0,553.0,Y
HPumpR,None,SCO,PR,55.0,177.0,73.0,208.0,Y
VPumpR,None,SCO,PB,95.0,175.0,123.0,199.0,Y
3WayValve,None,SCO,3VT,177.0,68.0,206.0,101.0,Y
3WayVlvBtm,None,SCO,3VB,201.0,64.0,219.0,82.0,Y
3WayVlvRt,None,SCO,3VR,232.0,59.0,243.0,76.0,Y
3WayVlvLft,None,SCO,3VL,261.0,58.0,279.0,73.0,Y
CTPmp011,Pump Out tank 1,SCO,PR,155.0,97.0,180.0,120.0,Y
CTV011,Valve out Tk01 to RU1,SCO,VH,137.0,128.0,149.0,148.0,Y
CTPipe011,Pipe TK1 to RU1,SCO,P,143.0,154.0,143.0,170.0,Y
CTPipe012,Pipe TK1 to RU2,SCO,P,169.0,154.0,169.0,180.0,Y
CTPmp021,Pump Out tank 2,SCO,PR,265.0,98.0,280.0,120.0,Y
CTV021,Valve out Tk02 to RU1,SCO,VH,248.0,128.0,260.0,148.0,Y
CTPipe021,Pipe Tk2 to RU1,SCO,P,253.0,154.0,253.0,170.0,Y
CTPipe022,Pipe Tk2 to RU2,SCO,P,278.0,154.0,278.0,180.0,Y
CTPmp031,Pump Out tank 3,SCO,PR,335.0,98.0,350.0,120.0,Y
CTV031,Valve out Tk03 to RU1,SCO,VH,317.0,128.0,329.0,149.0,Y
CTPipe031,Pipe Tk3 to RU1,SCO,P,323.0,134.0,323.0,170.0,Y
CTPipe032,Pipe Tk3 to RU2,SCO,P,348.0,154.0,348.0,180.0,Y
CTPmp041,Pump Out tank 4,SCO,PR,455.0,98.0,470.0,120.0,Y
CTV041,Valve out Tk04 to RU1,SCO,VH,437.0,128.0,449.0,149.0,Y
CTPipe041,Pipe Tk4 to RU1,SCO,P,443.0,154.0,443.0,170.0,Y
CTPipe042,Pipe Tk4 to RU2,SCO,P,469.0,154.0,469.0,180.0,Y
CTPmp051,Pump Out tank 5,SCO,PR,155.0,280.0,180.0,302.0,Y
CTV051,Valve out Tk05 to RU1,SCO,VH,137.0,312.0,149.0,336.0,Y
CTPipe051,Pipe Tk5 to RU1,SCO,P,143.0,339.0,143.0,356.0,Y
CTPipe052,Pipe Tk5 to RU2,SCO,P,169.0,339.0,169.0,366.0,Y
CTPmp061,Pump Out tank 6,SCO,PR,263.0,280.0,288.0,302.0,Y
CTV061,Valve out Tk06 to RU1,SCO,VH,248.0,312.0,260.0,336.0,Y
CTPipe061,Pipe Tk6 to RU1,SCO,P,253.0,339.0,253.0,356.0,Y
CTPipe062,Pipe Tk6 to RU2,SCO,P,278.0,339.0,278.0,366.0,Y
CTPmp071,Pump Out tank 7,SCO,PR,335.0,280.0,350.0,302.0,Y
CTV071,Valve out Tk07 to RU1,SCO,VH,317.0,312.0,329.0,336.0,Y
CTPipe071,Pipe Tk7 to RU1,SCO,P,323.0,339.0,323.0,355.0,Y
CTPipe072,Pipe Tk7 to RU2,SCO,P,348.0,339.0,348.0,366.0,Y
CTPmp081,Pump Out tank 8,SCO,PR,455.0,280.0,470.0,302.0,Y
CTV081,Valve out Tk08 to RU1,SCO,VH,437.0,312.0,449.0,336.0,Y
CTPipe081,Pipe Tk8 to RU1,SCO,P,443.0,339.0,443.0,355.0,Y
CTPipe082,Pipe Tk8 to RU2,SCO,P,469.0,339.0,469.0,366.0,Y
CTPmp091,Pump Out tank 9,SCO,PR,155.0,465.0,180.0,487.0,Y
CTV091,Valve out Tk09 to RU1,SCO,VH,137.0,498.0,149.0,522.0,Y
CTPipe091,Pipe Tk9 to RU1,SCO,P,143.0,524.0,143.0,540.0,Y
CTPipe092,Pipe Tk9 to RU2,SCO,P,169.0,524.0,169.0,550.0,Y
CTPmp101,Pump Out tank 10,SCO,PR,265.0,465.0,280.0,487.0,Y
CTV101,Valve out Tk10 to RU1,SCO,VH,248.0,498.0,260.0,522.0,Y
CTPipe101,Pipe Tk10 to RU1,SCO,P,253.0,524.0,253.0,540.0,Y
CTPipe102,Pipe Tk10 to RU2,SCO,P,278.0,524.0,278.0,550.0,Y
CTPmp111,Pump Out tank 11,SCO,PR,335.0,465.0,350.0,487.0,Y
CTV111,Valve out Tk11 to RU1,SCO,VH,317.0,498.0,329.0,522.0,Y
CTPipe111,Pipe Tk11 to RU1,SCO,P,323.0,524.0,323.0,540.0,Y
CTPipe112,Pipe Tk11 to RU2,SCO,P,348.0,524.0,348.0,550.0,Y
CTPmp121,Pump Out tank 12,SCO,PR,455.0,465.0,470.0,487.0,Y
CTV121,Valve out Tk12 to RU1,SCO,VH,437.0,498.0,449.0,522.0,Y
CTPipe121,Pipe Tk12 to RU1,SCO,P,443.0,524.0,443.0,540.0,Y
CTPipe122,Pipe Tk12 to RU2,SCO,P,469.0,524.0,469.0,550.0,Y
CTPipe01,Pipe Tk1,SCO,P,143.0,123.0,171.0,123.0,Y
CTPipe02,Pipe Tk2,SCO,P,253.0,123.0,280.0,123.0,Y
CTPipe03,Pipe Tk3,SCO,P,323.0,123.0,351.0,123.0,Y
CTPipe04,Pipe Tk4,SCO,P,443.0,123.0,471.0,123.0,Y
CTPipe05,Pipe Tk5,SCO,P,143.0,308.0,171.0,308.0,Y
CTPipe06,Pipe Tk6,SCO,P,253.0,308.0,280.0,308.0,Y
CTPipe07,Pipe Tk7,SCO,P,323.0,308.0,351.0,308.0,Y
CTPipe08,Pipe Tk8,SCO,P,443.0,308.0,471.0,308.0,Y
CTPipe09,Pipe Tk9,SCO,P,143.0,493.0,171.0,493.0,Y
CTPipe10,Pipe Tk10,SCO,P,253.0,493.0,280.0,493.0,Y
CTPipe11,Pipe Tk11,SCO,P,323.0,493.0,351.0,493.0,Y
CTPipe12,Pipe Tk12,SCO,P,443.0,493.0,471.0,493.0,Y
CTV012,Valve out Tk01 to RU2,SCO,VH,163.0,128.0,175.0,148.0,Y
CTV022,Valve out Tk02 to RU2,SCO,VH,273.0,128.0,285.0,148.0,Y
CTV032,Valve out Tk03 to RU2,SCO,VH,343.0,128.0,355.0,148.0,Y
CTV042,Valve out Tk04 to RU2,SCO,VH,464.0,128.0,476.0,148.0,Y
CTV052,Valve out Tk05 to RU2,SCO,VH,163.0,312.0,175.0,336.0,Y
CTV062,Valve out Tk06 to RU2,SCO,VH,273.0,312.0,285.0,336.0,Y
CTV072,Valve out Tk07 to RU2,SCO,VH,343.0,312.0,355.0,336.0,Y
CTV082,Valve out Tk08 to RU2,SCO,VH,464.0,312.0,476.0,336.0,Y
CTV092,Valve out Tk09 to RU2,SCO,VH,163.0,498.0,175.0,522.0,Y
CTV102,Valve out Tk10 to RU2,SCO,VH,273.0,498.0,285.0,522.0,Y
CTV112,Valve out Tk11 to RU2,SCO,VH,343.0,498.0,355.0,522.0,Y
CTV122,Valve out Tk12 to RU2,SCO,VH,464.0,498.0,476.0,522.0,Y
CT2RU1-P,Crude Tanks pipe to RU1,P,C,0.0,0.0,0.0,0.0,N
CT2RU2-P,Crude Tanks pipe to RU2,P,C,0.0,0.0,0.0,0.0,N
TFPRU2-2,None,SCO,P,75.0,617.0,388.0,617.0,Y
TFPRU1-2,None,SCO,P,90.0,597.0,376.0,597.0,Y
TFPRU1-3,None,SCO,P,198.0,172.0,198.0,595.0,Y
TFPRU1-4,None,SCO,P,374.0,169.0,374.0,599.0,Y
TFPCom014,None,SCO,P,321.0,170.0,446.0,170.0,Y
TFPCom015,None,SCO,P,321.0,355.0,446.0,355.0,Y
TFPCom016,None,SCO,P,321.0,541.0,446.0,541.0,Y
TFPCom024,None,SCO,P,345.0,181.0,472.0,181.0,Y
TFPCom025,None,SCO,P,345.0,368.0,472.0,368.0,Y
TFPCom026,None,SCO,P,345.0,553.0,471.0,553.0,Y
TFPRU2-3,None,SCO,P,212.0,182.0,212.0,615.0,Y
TFPRU2-4,None,SCO,P,386.0,183.0,386.0,615.0,Y
CT2RU1a-P,Crude Tanks 1 2 5 6 9 10  Pipe to RU1,P,C,0.0,0.0,0.0,0.0,Y
CT2RU1b-P,Crude Tanks 3 4 7 8 11 12  Pipe to RU1,P,C,0.0,0.0,0.0,0.0,Y
CT2RU2a-P,Crude Tanks 1 2 5 6 9 10  Pipe to RU2,P,C,0.0,0.0,0.0,0.0,Y
CT2RU2b-P,Crude Tanks 3 4 7 8 11 12  Pipe to RU2,P,C,0.0,0.0,0.0,0.0,Y
CT011-VDO,Valve out Tk01 to RU1,V,VH,39.588561,-75.637396,39.588233,-75.636692,Y
CT021-VDO,Valve out Tk02 to RU1,V,VH,39.585521,-75.637396,39.585193,-75.636692,Y
CT031-VDO,Valve out Tk 3 to RU1,V,VH,39.583632,-75.637396,39.583303,-75.636657,Y
CT041-VDO,Valve out Tk 4 to RU1,V,VH,39.580346,-75.637396,39.580017,-75.636657,Y
CT051-VDO,Valve out Tk 5 to RU1,V,VH,39.588561,-75.630917,39.588233,-75.630072,Y
CT061-VDO,Valve out Tk 6 to RU1,V,VH,39.585521,-75.630917,39.585193,-75.630072,Y
CT071-VDO,Valve out Tk 7 to RU1,V,VH,39.583632,-75.630917,39.583303,-75.630072,Y
CT081-VDO,Valve out Tk 8 to RU1,V,VH,39.580346,-75.630917,39.580017,-75.630072,Y
CT091-VDO,Valve out Tk 9 to RU1,V,VH,39.588561,-75.624368,39.588233,-75.623523,Y
CT101-VDO,Valve out Tk 10 to RU1,V,VH,39.585521,-75.624368,39.585193,-75.623523,Y
CT111-VDO,Valve out Tk 11 to RU1,V,VH,39.583632,-75.624368,39.583303,-75.623523,Y
CT121-VDO,Valve out Tk 12 to RU1,V,VH,39.580346,-75.624368,39.580017,-75.623523,Y
CT012-VDO,Valve out Tk01 to RU2,V,VH,39.587849,-75.637396,39.587521,-75.636692,Y
CT022-VDO,Valve out Tk02 to RU2,V,VH,39.584837,-75.637396,39.584508,-75.636692,Y
CT032-VDO,Valve out Tk 3 to RU2,V,VH,39.58292,-75.637396,39.582591,-75.636692,Y
CT042-VDO,Valve out Tk 4 to RU2,V,VH,39.579606,-75.637396,39.579278,-75.636692,Y
CT052-VDO,Valve out Tk 5 to RU2,V,VH,39.587849,-75.630917,39.587521,-75.630072,Y
CT062-VDO,Valve out Tk 6 to RU2,V,VH,39.584837,-75.630917,39.584508,-75.630072,Y
CT072-VDO,Valve out Tk 7 to RU2,V,VH,39.58292,-75.630917,39.582591,-75.630072,Y
CT082-VDO,Valve out Tk 8 to RU2,V,VH,39.579606,-75.630917,39.579278,-75.630072,Y
CT092-VDO,Valve out Tk 9 to RU2,V,VH,39.587849,-75.624368,39.587521,-75.623523,Y
CT102-VDO,Valve out Tk 10 to RU2,V,VH,39.584837,-75.624368,39.584508,-75.623523,Y
CT112-VDO,Valve out Tk 11 to RU2,V,VH,39.58292,-75.624368,39.582591,-75.623523,Y
CT122-VDO,Valve out Tk 12 to RU2,V,VH,39.579606,-75.624368,39.579278,-75.623523,Y
CT01-Pmp,Pump Out crude tank 1,PMP,PR,39.588068,-75.638488,39.587384,-75.637678,Y
CT02-Pmp,Pump Out crude tank 2,PMP,PR,39.585056,-75.638452,39.584645,-75.637678,Y
CT03-Pmp,Pump Out crude tank 3,PMP,PR,39.583139,-75.638452,39.582728,-75.637678,Y
CT04-Pmp,Pump Out crude tank 4,PMP,PR,39.579853,-75.638452,39.579442,-75.637678,Y
CT05-Pmp,Pump Out crude tank 5,PMP,PR,39.588068,-75.632044,39.587384,-75.631269,Y
CT06-Pmp,Pump Out crude tank 6,PMP,PR,39.585111,-75.632044,39.584426,-75.631269,Y
CT07-Pmp,Pump Out crude tank 7,PMP,PR,39.583139,-75.632044,39.582728,-75.631269,Y
CT08-Pmp,Pump Out crude tank 8,PMP,PR,39.579853,-75.632044,39.579442,-75.631269,Y
CT09-Pmp,Pump Out crude tank 9,PMP,PR,39.588068,-75.62553,39.587384,-75.624755,Y
CT10-Pmp,Pump Out crude tank 10,PMP,PR,39.585056,-75.62553,39.584645,-75.624755,Y
CT11-Pmp,Pump Out crude tank 11,PMP,PR,39.583139,-75.62553,39.582728,-75.624755,Y
CT12-Pmp,Pump Out crude tank 12,PMP,PR,39.579853,-75.62553,39.579442,-75.624755,Y
Delivery,Crude deliveries,SCM,0,0.0,0.0,0.0,0.0,Y
CDShip1,Ship 1 Crude Delivery,SCO,SH,4.0,6.0,40.0,106.0,Y
CDShip2,Ship 2 Crude Delivery,SCO,SH,4.0,170.0,40.0,270.0,Y
CDShip3,Ship 3 Crude Delivery,SCO,SH,4.0,360.0,40.0,460.0,Y
CDShip4,Ship 4 Crude Delivery,SCO,SH,4.0,520.0,40.0,620.0,Y
CT01-V,Crude Tk 1 valve in,V,None,0.0,0.0,0.0,0.0,Y
CT02-V,Crude Tk 2 valve in,V,None,0.0,0.0,0.0,0.0,Y
CT03-V,Crude Tk 3 valve in,V,None,0.0,0.0,0.0,0.0,Y
CT04-V,Crude Tk 4 valve in,V,None,0.0,0.0,0.0,0.0,Y
CT05-V,Crude Tk 5 valve in,V,None,0.0,0.0,0.0,0.0,Y
CT06-V,Crude Tk 6 valve in,V,None,0.0,0.0,0.0,0.0,Y
CT07-V,Crude Tk 7 valve in,V,None,0.0,0.0,0.0,0.0,Y
CT08-V,Crude Tk 8 valve in,V,None,0.0,0.0,0.0,0.0,Y
CT09-V,Crude Tk 9 valve in,V,None,0.0,0.0,0.0,0.0,Y
CT10-V,Crude Tk 10 valve in,V,None,0.0,0.0,0.0,0.0,Y
CT11-V,Crude Tk 11 valve in,V,None,0.0,0.0,0.0,0.0,Y
CT12-V,Crude Tk 12 valve in,V,None,0.0,0.0,0.0,0.0,Y
FOT01-Vi,FuelOil Tk 01 valve in,V,None,0.0,0.0,0.0,0.0,Y
FOT01-Vo,FuelOil Tk 01 valve out,V,None,0.0,0.0,0.0,0.0,Y
FOT01-Pmp,FuelOil Tk 01 pump in,PMP,None,0.0,0.0,0.0,0.0,Y
FOT03-Vi,FuelOil Tk 03 valve in,V,None,0.0,0.0,0.0,0.0,Y
FOT03-Vo,FuelOil Tk 03 valve out,V,None,0.0,0.0,0.0,0.0,Y
FOT03-Pmp,FuelOil Tk 03 pump in,PMP,None,0.0,0.0,0.0,0.0,Y
FOT02-Vi,FuelOil Tk 02 valve in,V,None,0.0,0.0,0.0,0.0,Y
FOT02-Vo,FuelOil Tk 02 valve out,V,None,0.0,0.0,0.0,0.0,Y
FOT02-Pmp,FuelOil Tk 02 pump in,V,None,0.0,0.0,0.0,0.0,Y
FOT04-Vi,FuelOil Tk 04 valve in,V,None,0.0,0.0,0.0,0.0,Y
FOT04-Vo,FuelOil Tk 04 valve out,V,None,0.0,0.0,0.0,0.0,Y
FOT04-Pmp,FuelOil Tk 04 pump in,PMP,None,0.0,0.0,0.0,0.0,Y
FOT05-Vi,FuelOil Tk 05 valve in,V,None,0.0,0.0,0.0,0.0,Y
FOT05-Vo,FuelOil Tk 05 valve out,V,None,0.0,0.0,0.0,0.0,Y
FOT05-Pmp,FuelOil Tk 05 pump in,PMP,None,0.0,0.0,0.0,0.0,Y
FOT06-Vi,FuelOil Tk 06 valve in,V,None,0.0,0.0,0.0,0.0,Y
FOT06-Vo,FuelOil Tk 06 valve out,V,None,0.0,0.0,0.0,0.0,Y
FOT06-Pmp,FuelOil Tk 06 pump in,PMP,None,0.0,0.0,0.0,0.0,Y
FOT07-Vi,FuelOil Tk 07 valve in,V,None,0.0,0.0,0.0,0.0,Y
FOT07-Vo,FuelOil Tk 07 valve out,V,None,0.0,0.0,0.0,0.0,Y
FOT07-Pmp,FuelOil Tk 07 pump in,PMP,None,0.0,0.0,0.0,0.0,Y
FOT08-Vi,FuelOil Tk 08 valve in,V,None,0.0,0.0,0.0,0.0,Y
FOT08-Vo,FuelOil Tk 08 valve out,V,None,0.0,0.0,0.0,0.0,Y
FOT08-Pmp,FuelOil Tk 08 pump in,PMP,None,0.0,0.0,0.0,0.0,Y
FOT09-Vi,FuelOil Tk 09 valve in,V,None,0.0,0.0,0.0,0.0,Y
FOT09-Vo,FuelOil Tk 09 valve out,V,None,0.0,0.0,0.0,0.0,Y
FOT09-Pmp,FuelOil Tk 09 pump in,PMP,None,0.0,0.0,0.0,0.0,Y
FOT10-Vi,FuelOil Tk 10 valve in,V,None,0.0,0.0,0.0,0.0,Y
FOT10-Vo,FuelOil Tk 10 valve out,V,None,0.0,0.0,0.0,0.0,Y
FOT10-Pmp,FuelOil Tk 10 pump in,PMP,None,0.0,0.0,0.0,0.0,Y
FOT11-Vi,FuelOil Tk 11 valve in,V,None,0.0,0.0,0.0,0.0,Y
FOT11-Vo,FuelOil Tk 11 valve out,V,None,0.0,0.0,0.0,0.0,Y
FOT11-Pmp,FuelOil Tk 11 pump in,PMP,None,0.0,0.0,0.0,0.0,Y
GT01-Vi,Gasoline Tk 01 valve in,V,None,0.0,0.0,0.0,0.0,Y
GT01-Vo,Gasoline Tk 01 valve out,V,None,0.0,0.0,0.0,0.0,Y
GT01-Pmp,Gasoline Tk 01 pump in,PMP,None,0.0,0.0,0.0,0.0,Y
GT02-Vi,Gasoline Tk 02 valve in,V,None,0.0,0.0,0.0,0.0,Y
GT02-Vo,Gasoline Tk 02 valve out,V,None,0.0,0.0,0.0,0.0,Y
GT02-Pmp,Gasoline Tk 02 pump in,PMP,None,0.0,0.0,0.0,0.0,Y
GT03-Vi,Gasoline Tk 03 valve in,V,None,0.0,0.0,0.0,0.0,Y
GT03-Vo,Gasoline Tk 03 valve out,V,None,0.0,0.0,0.0,0.0,Y
GT03-Pmp,Gasoline Tk 03 pump in,PMP,None,0.0,0.0,0.0,0.0,Y
GT04-Vi,Gasoline Tk 04 valve in,V,None,0.0,0.0,0.0,0.0,Y
GT04-Vo,Gasoline Tk 04 valve out,V,None,0.0,0.0,0.0,0.0,Y
GT04-Pmp,Gasoline Tk 04 pump in,PMP,None,0.0,0.0,0.0,0.0,Y
GT05-Vi,Gasoline Tk 05 valve in,V,None,0.0,0.0,0.0,0.0,Y
GT05-Vo,Gasoline Tk 05 valve out,V,None,0.0,0.0,0.0,0.0,Y
GT05-Pmp,Gasoline Tk 05 pump in,PMP,None,0.0,0.0,0.0,0.0,Y
GT06-Vi,Gasoline Tk 06 valve in,V,None,0.0,0.0,0.0,0.0,Y
GT06-Vo,Gasoline Tk 06 valve out,V,None,0.0,0.0,0.0,0.0,Y
GT06-Pmp,Gasoline Tk 06 pump in,PMP,None,0.0,0.0,0.0,0.0,Y
GT07-Vi,Gasoline Tk 07 valve in,V,None,0.0,0.0,0.0,0.0,Y
GT07-Vo,Gasoline Tk 07 valve out,V,None,0.0,0.0,0.0,0.0,Y
GT07-Pmp,Gasoline Tk 07 pump in,PMP,None,0.0,0.0,0.0,0.0,Y
GT08-Vi,Gasoline Tk 08 valve in,V,None,0.0,0.0,0.0,0.0,Y
GT08-Vo,Gasoline Tk 08 valve out,V,None,0.0,0.0,0.0,0.0,Y
GT08-Pmp,Gasoline Tk 08 pump in,PMP,None,0.0,0.0,0.0,0.0,Y
GT09-Vi,Gasoline Tk 09 valve in,V,None,0.0,0.0,0.0,0.0,Y
GT09-Vo,Gasoline Tk 09 valve out,V,None,0.0,0.0,0.0,0.0,Y
GT09-Pmp,Gasoline Tk 09 pump in,PMP,None,0.0,0.0,0.0,0.0,Y
GT10-Vi,Gasoline Tk 10 valve in,V,None,0.0,0.0,0.0,0.0,Y
GT10-Vo,Gasoline Tk 10 valve out,V,None,0.0,0.0,0.0,0.0,Y
GT10-Pmp,Gasoline Tk 10 pump in,PMP,None,0.0,0.0,0.0,0.0,Y
GT11-Vi,Gasoline Tk 11 valve in,V,None,0.0,0.0,0.0,0.0,Y
GT11-Vo,Gasoline Tk 11 valve out,V,None,0.0,0.0,0.0,0.0,Y
GT11-Pmp,Gasoline Tk 11 pump in,PMP,None,0.0,0.0,0.0,0.0,Y
GT12-Vi,Gasoline Tk 12 valve in,V,None,0.0,0.0,0.0,0.0,Y
GT12-Vo,Gasoline Tk 12 valve out,V,None,0.0,0.0,0.0,0.0,Y
GT12-Pmp,Gasoline Tk 12 pump in,PMP,None,0.0,0.0,0.0,0.0,Y
GT13-Vi,Gasoline Tk 13 valve in,V,None,0.0,0.0,0.0,0.0,Y
GT13-Vo,Gasoline Tk 13 valve out,V,None,0.0,0.0,0.0,0.0,Y
GT13-Pmp,Gasoline Tk 13 pump in,PMP,None,0.0,0.0,0.0,0.0,Y
GT14-Vi,Gasoline Tk 14 valve in,V,None,0.0,0.0,0.0,0.0,Y
GT14-Vo,Gasoline Tk 14 valve out,V,None,0.0,0.0,0.0,0.0,Y
GT14-Pmp,Gasoline Tk 14 pump in,PMP,None,0.0,0.0,0.0,0.0,Y
GT15-Vi,Gasoline Tk 15 valve in,V,None,0.0,0.0,0.0,0.0,Y
GT15-Vo,Gasoline Tk 15 valve out,V,None,0.0,0.0,0.0,0.0,Y
GT15-Pmp,Gasoline Tk 15 pump in,PMP,None,0.0,0.0,0.0,0.0,Y
AT01-Vi,Asphalt Tk 01 valve in,V,None,0.0,0.0,0.0,0.0,Y
AT01-Vo,Asphalt Tk 01 valve out,V,None,0.0,0.0,0.0,0.0,Y
AT01-Pmp,Asphalt Tk 01 pump in,PMP,None,0.0,0.0,0.0,0.0,Y
AT02-Vi,Asphalt Tk 02 valve in,V,None,0.0,0.0,0.0,0.0,Y
AT02-Vo,Asphalt Tk 02 valve out,V,None,0.0,0.0,0.0,0.0,Y
AT02-Pmp,Asphalt Tk 02 pump in,PMP,None,0.0,0.0,0.0,0.0,Y
AT03-Vi,Asphalt Tk 03 valve in,V,None,0.0,0.0,0.0,0.0,Y
AT03-Vo,Asphalt Tk 03 valve out,V,None,0.0,0.0,0.0,0.0,Y
AT03-Pmp,Asphalt Tk 03 pump in,PMP,None,0.0,0.0,0.0,0.0,Y
AT04-Vi,Asphalt Tk 04 valve in,V,None,0.0,0.0,0.0,0.0,Y
AT04-Vo,Asphalt Tk 04 valve out,V,None,0.0,0.0,0.0,0.0,Y
AT04-Pmp,Asphalt Tk 04 pump in,PMP,None,0.0,0.0,0.0,0.0,Y
JT01-Vi,JetFuel Tk 01 valve in,V,None,0.0,0.0,0.0,0.0,Y
JT01-Vo,JetFuel Tk 01 valve out,V,None,0.0,0.0,0.0,0.0,Y
JT01-Pmp,JetFuel Tk 01 pump in,PMP,None,0.0,0.0,0.0,0.0,Y
JT02-Vi,JetFuel Tk 02 valve in,V,None,0.0,0.0,0.0,0.0,Y
JT02-Vo,JetFuel Tk 02 valve out,V,None,0.0,0.0,0.0,0.0,Y
JT02-Pmp,JetFuel Tk 02 pump in,PMP,None,0.0,0.0,0.0,0.0,Y
JT03-Vi,JetFuel Tk 03 valve in,V,None,0.0,0.0,0.0,0.0,Y
JT03-Vo,JetFuel Tk 03 valve out,V,None,0.0,0.0,0.0,0.0,Y
JT03-Pmp,JetFuel Tk 03 pump in,PMP,None,0.0,0.0,0.0,0.0,Y
JT04-Vi,JetFuel Tk 04 valve in,V,None,0.0,0.0,0.0,0.0,Y
JT04-Vo,JetFuel Tk 04 valve out,V,None,0.0,0.0,0.0,0.0,Y
JT04-Pmp,JetFuel Tk 04 pump in,PMP,None,0.0,0.0,0.0,0.0,Y
JT05-Vi,JetFuel Tk 05 valve in,V,None,0.0,0.0,0.0,0.0,Y
JT05-Vo,JetFuel Tk 05 valve out,V,None,0.0,0.0,0.0,0.0,Y
JT05-Pmp,JetFuel Tk 05 pump in,PMP,None,0.0,0.0,0.0,0.0,Y
JT06-Vi,JetFuel Tk 06 valve in,V,None,0.0,0.0,0.0,0.0,Y
JT06-Vo,JetFuel Tk 06 valve out,V,None,0.0,0.0,0.0,0.0,Y
JT06-Pmp,JetFuel Tk 06 pump in,PMP,None,0.0,0.0,0.0,0.0,Y
JT07-Vi,JetFuel Tk 07 valve in,V,None,0.0,0.0,0.0,0.0,Y
JT07-Vo,JetFuel Tk 07 valve out,V,None,0.0,0.0,0.0,0.0,Y
JT07-Pmp,JetFuel Tk 07 pump in,PMP,None,0.0,0.0,0.0,0.0,Y
JT08-Vi,JetFuel Tk 08 valve in,V,None,0.0,0.0,0.0,0.0,Y
JT08-Vo,JetFuel Tk 08 valve out,V,None,0.0,0.0,0.0,0.0,Y
JT08-Pmp,JetFuel Tk 08 pump in,PMP,None,0.0,0.0,0.0,0.0,Y
JT09-Vi,JetFuel Tk 09 valve in,V,None,0.0,0.0,0.0,0.0,Y
JT09-Vo,JetFuel Tk 09 valve out,V,None,0.0,0.0,0.0,0.0,Y
JT09-Pmp,JetFuel Tk 09 pump in,PMP,None,0.0,0.0,0.0,0.0,Y
JT10-Vi,JetFuel Tk 10 valve in,V,None,0.0,0.0,0.0,0.0,Y
JT10-Vo,JetFuel Tk 10 valve out,V,None,0.0,0.0,0.0,0.0,Y
JT10-Pmp,JetFuel Tk 10 pump in,PMP,None,0.0,0.0,0.0,0.0,Y
JT11-Vi,JetFuel Tk 11 valve in,V,None,0.0,0.0,0.0,0.0,Y
JT11-Vo,JetFuel Tk 11 valve out,V,None,0.0,0.0,0.0,0.0,Y
JT11-Pmp,JetFuel Tk 11 pump in,PMP,None,0.0,0.0,0.0,0.0,Y
JT12-Vi,JetFuel Tk 12 valve in,V,None,0.0,0.0,0.0,0.0,Y
JT12-Vo,JetFuel Tk 12 valve out,V,None,0.0,0.0,0.0,0.0,Y
JT12-Pmp,JetFuel Tk 12 pump in,PMP,None,0.0,0.0,0.0,0.0,Y
LT01-Vi,Lubricants Tk 01 valve in,V,None,0.0,0.0,0.0,0.0,Y
LT01-Vo,Lubricants Tk 01 valve out,V,None,0.0,0.0,0.0,0.0,Y
LT01-Pmp,Lubricants Tk 01 pump in,PMP,None,0.0,0.0,0.0,0.0,Y
LT02-Vi,Lubricants Tk 02 valve in,V,None,0.0,0.0,0.0,0.0,Y
LT02-Vo,Lubricants Tk 02 valve out,V,None,0.0,0.0,0.0,0.0,Y
LT02-Pmp,Lubricants Tk 02 pump in,PMP,None,0.0,0.0,0.0,0.0,Y
LT03-Vi,Lubricants Tk 03 valve in,V,None,0.0,0.0,0.0,0.0,Y
LT03-Vo,Lubricants Tk 03 valve out,V,None,0.0,0.0,0.0,0.0,Y
LT03-Pmp,Lubricants Tk 03 pump in,PMP,None,0.0,0.0,0.0,0.0,Y
LT04-Vi,Lubricants Tk 04 valve in,V,None,0.0,0.0,0.0,0.0,Y
LT04-Vo,Lubricants Tk 04 valve out,V,None,0.0,0.0,0.0,0.0,Y
LT04-Pmp,Lubricants Tk 04 pump in,PMP,None,0.0,0.0,0.0,0.0,Y
NT01-Vi,Naptha Tk 01 valve in,V,None,0.0,0.0,0.0,0.0,Y
NT01-Vo,Naptha Tk 01 valve out,V,None,0.0,0.0,0.0,0.0,Y
NT01-Pmp,Naptha Tk 01 pump in,PMP,None,0.0,0.0,0.0,0.0,Y
NT02-Vi,Naptha Tk 02 valve in,V,None,0.0,0.0,0.0,0.0,Y
NT02-Vo,Naptha Tk 02 valve out,V,None,0.0,0.0,0.0,0.0,Y
NT02-Pmp,Naptha Tk 02 pump in,PMP,None,0.0,0.0,0.0,0.0,Y
NT03-Vi,Naptha Tk 03 valve in,V,None,0.0,0.0,0.0,0.0,Y
NT03-Vo,Naptha Tk 03 valve out,V,None,0.0,0.0,0.0,0.0,Y
NT03-Pmp,Naptha Tk 03 pump in,PMP,None,0.0,0.0,0.0,0.0,Y
NT04-Vi,Naptha Tk 04 valve in,V,None,0.0,0.0,0.0,0.0,Y
NT04-Vo,Naptha Tk 04 valve out,V,None,0.0,0.0,0.0,0.0,Y
NT04-Pmp,Naptha Tk 04 pump in,PMP,None,0.0,0.0,0.0,0.0,Y
WT01-Vi,Waxes Tk 01 valve in,V,None,0.0,0.0,0.0,0.0,Y
WT01-Vo,Waxes Tk 01 valve out,V,None,0.0,0.0,0.0,0.0,Y
WT01-Pmp,Waxes Tk 01 pump in,PMP,None,0.0,0.0,0.0,0.0,Y
WT02-Vi,Waxes Tk 02 valve in,V,None,0.0,0.0,0.0,0.0,Y
WT02-Vo,Waxes Tk 02 valve out,V,None,0.0,0.0,0.0,0.0,Y
WT02-Pmp,Waxes Tk 02 pump in,PMP,None,0.0,0.0,0.0,0.0,Y
WT03-Vi,Waxes Tk 03 valve in,V,None,0.0,0.0,0.0,0.0,Y
WT03-Vo,Waxes Tk 03 valve out,V,None,0.0,0.0,0.0,0.0,Y
WT03-Pmp,Waxes Tk 03 pump in,PMP,None,0.0,0.0,0.0,0.0,Y
CDC04,Crude Tank 4,SCO,TK,415.0,15.0,470.0,95.0,Y
CDC01,Crude Tank 1,SCO,TK,125.0,15.0,170.0,95.0,Y
CDC02,Crude Tank 2,SCO,TK,235.0,15.0,280.0,95.0,Y
CDC03,Crude Tank 3,SCO,TK,305.0,15.0,350.0,95.0,Y
CDC05,Crude Tank 5,SCO,TK,125.0,200.0,170.0,280.0,Y
CDC06,Crude Tank 6,SCO,TK,235.0,200.0,280.0,280.0,Y
CDC07,Crude Tank 7,SCO,TK,305.0,200.0,350.0,280.0,Y
CDC08,Crude Tank 8,SCO,TK,415.0,200.0,470.0,280.0,Y
CDC09,Crude Tank 9,SCO,TK,125.0,385.0,170.0,465.0,Y
CDC10,Crude Tank 10,SCO,TK,235.0,385.0,280.0,465.0,Y
CDC11,Crude Tank 11,SCO,TK,305.0,385.0,350.0,465.0,Y
CDC12,Crude Tank 12,SCO,TK,415.0,385.0,470.0,465.0,Y
CDP-D1-1,Crude pipe from dock 1,SCO,P,54.0,630.0,0.0,0.0,Y
CDP-D3-1,Crude pipe from dock 3,SCO,P,0.0,0.0,0.0,0.0,Y
CDP-D2-1,Crude pipe from dock 2,SCO,P,52.0,589.0,0.0,0.0,Y
CDP-D4-1,Crude pipe from dock 4,SCO,P,0.0,0.0,56.0,627.0,Y
CDVi01,Input valve crude tk 1,SCO,VH,155.0,96.0,170.0,120.0,Y
CDVi02,Input valve crude tank 2,SCO,VH,265.0,96.0,280.0,120.0,Y
CDVi03,Input valve crude tk 3,SCO,VH,335.0,96.0,350.0,120.0,Y
CDVi04,Input valve crude tk 4,SCO,VH,455.0,96.0,470.0,120.0,Y
CDVi05,Input valve crude tk 5,SCO,VH,155.0,281.0,170.0,305.0,Y
CDVi06,Input valve crude tk 6,SCO,VH,265.0,281.0,280.0,305.0,Y
CDVi07,Input valve crude tk 7,SCO,VH,335.0,281.0,350.0,305.0,Y
CDVi08,Input valve crude tk 8,SCO,VH,455.0,281.0,470.0,305.0,Y
CDVi09,Input valve crude tk 9,SCO,VH,155.0,466.0,170.0,490.0,Y
CDVi10,Input valve crude tk 10,SCO,VH,265.0,466.0,280.0,490.0,Y
CDVi11,Input valve crude tk 11,SCO,VH,335.0,466.0,350.0,490.0,Y
CDVi12,Input valve crude tk 12,SCO,VH,455.0,466.0,470.0,490.0,Y
CDP-D2-3,Pipe segment from 2 to 3,SCO,P,0.0,0.0,0.0,0.0,Y
CDP-D3-4,Pipe segment from 3 to 4,SCO,P,0.0,0.0,0.0,0.0,Y
CDP-D4-Tks,Pipe from docks to tanks,SCO,P,56.0,637.0,0.0,0.0,Y
CDP-CT01,Pipe from tank 1,SCO,P,0.0,0.0,0.0,0.0,Y
CDP-CT5,Pipe from tank 5,SCO,P,0.0,0.0,0.0,0.0,Y
CDP-CT05,Pipe from tank 5,SCO,P,0.0,0.0,0.0,0.0,Y
CDP-CT09,Pipe from tank 9,SCO,P,0.0,0.0,0.0,0.0,Y
CDP-CT02,Pipe from tank 2,SCO,P,0.0,0.0,0.0,0.0,Y
CDP-DCT-1,Pipe from docks to tanks,SCO,P,0.0,0.0,0.0,0.0,Y
CDP-DCT-2,Pipe from docks to tanks,SCO,P,0.0,0.0,0.0,0.0,Y
CDP-CT03,Pipe into tank 3,SCO,P,0.0,0.0,0.0,0.0,Y
CDP-CT04,Pipe into tank 4,SCO,P,0.0,0.0,0.0,0.0,Y
CDP-CT06,Pipe into tank 6,SCO,P,0.0,0.0,0.0,0.0,Y
CDP-CT07,Pipe into tank 7,SCO,P,0.0,0.0,0.0,0.0,Y
CDP-CT08,Pipe into tank 8,SCO,P,0.0,0.0,0.0,0.0,Y
CDP-CT10,Pipe into tank 10,SCO,P,0.0,0.0,0.0,0.0,Y
CDP-CT11,Pipe into tank 11,SCO,P,0.0,0.0,0.0,0.0,Y
CDP-CT12,Pipe into tank 12,SCO,P,0.0,0.0,0.0,0.0,Y
GDlivery,GasDlivery,SCM,0,0.0,0.0,0.0,0.0,Y
GDRU1,Refinery Unit 1,SCO,RU,232.0,11.0,342.0,82.0,Y
GDRU2,Refinery Unit 2,SCO,RU,31.0,14.0,97.0,71.0,Y
GD-GT01,Gas tank  1,SCO,TK,20.0,140.0,60.0,220.0,Y
GD-GT07,Gas tank  7,SCO,TK,20.0,310.0,60.0,375.0,Y
GD-GT08,Gas tank  8,SCO,TK,20.0,380.0,60.0,460.0,Y
GD-GT09,Gas tank  9,SCO,TK,20.0,550.0,60.0,630.0,Y
GD-GT02,Gas Tank  2,SCO,TK,90.0,140.0,130.0,220.0,Y
GD-GT03,Gas Tank  3,SCO,TK,160.0,140.0,200.0,220.0,Y
GD-GT04,Gas Tank  4,SCO,TK,290.0,140.0,330.0,220.0,Y
GD-GT05,Gas Tank  5,SCO,TK,360.0,140.0,400.0,220.0,Y
GD-GT06,Gas tank  6,SCO,TK,430.0,140.0,470.0,220.0,Y
GD-GT10,Gas tank 10,SCO,TK,90.0,310.0,130.0,375.0,Y
GD-GT11,Gas tank 11,SCO,TK,160.0,310.0,200.0,375.0,Y
GD-GT12,Gas tank 12,SCO,TK,230.0,310.0,270.0,375.0,Y
GD-GT13,Gas Tank 13,SCO,TK,290.0,310.0,330.0,375.0,Y
GD-GT14,Gas Tank 14,SCO,TK,360.0,310.0,400.0,375.0,Y
GD-GT15,Gas tank 15,SCO,TK,430.0,310.0,470.0,375.0,Y
GDP-RU1,Pipe from RU1 to GasTanks,SCO,P,0.0,0.0,0.0,0.0,Y
GDP-RU2,Pipe from RU2 to GasTanks,SCO,P,0.0,0.0,0.0,0.0,Y
GDP-GT1,Pipe to gas tanks,SCO,P,0.0,0.0,0.0,0.0,Y
GDP-GT2,Pipe to gas tanks,SCO,P,0.0,0.0,0.0,0.0,Y
GDVi01,Input valve gas tank  1,SCO,VH,48.0,221.0,60.0,245.0,Y
GDVi02,Valve in gas tank  2,SCO,VH,118.0,221.0,130.0,245.0,Y
GDVi03,Valve in gas tank  3,SCO,VH,188.0,221.0,199.0,245.0,Y
GDVi04,Valve in gas tank  4,SCO,VH,317.0,221.0,328.0,245.0,Y
GDVi05,Valve in gas tank  5,SCO,VH,387.0,221.0,400.0,245.0,Y
GDVi06,Valve in gas tank  6,SCO,VH,457.0,221.0,468.0,245.0,Y
GDVi07,Valve in gas tank  7,SCO,VH,48.0,284.0,60.0,306.0,Y
GDVi08,Valve in gas tank  8,SCO,VH,48.0,462.0,60.0,494.0,Y
GDVi09,Valve in gas tank  9,SCO,VH,48.0,524.0,60.0,548.0,Y
GDVi10,Valve in gas tank 10,SCO,VH,118.0,284.0,130.0,306.0,Y
GDVi11,Valve in gas tank 11,SCO,VH,188.0,284.0,199.0,306.0,Y
GDVi12,Valve in gas tank 12,SCO,VH,256.0,284.0,270.0,306.0,Y
GDVi13,Valve in gas tank 13,SCO,VH,317.0,284.0,328.0,306.0,Y
GDVi14,Valve in gas tank 14,SCO,VH,387.0,284.0,400.0,306.0,Y
GDVi15,Valve in gas tank 15,SCO,VH,457.0,284.0,468.0,306.0,Y
GDP-GT4,Pipe to gas tanks,SCO,P,0.0,0.0,0.0,0.0,Y
GDP-GT3,Pipe to gas tanks,SCO,P,0.0,0.0,0.0,0.0,Y
GDP-RUGT01,Pipe to gas tank  1,SCO,P,0.0,0.0,0.0,0.0,Y
GDP-RUGT02,Pipe to gas tank  2,SCO,P,0.0,0.0,0.0,0.0,Y
GDP-RUGT03,Pipe to gas tank  3,SCO,P,0.0,0.0,0.0,0.0,Y
GDP-RUGT04,Pipe to gas tank  4,SCO,P,0.0,0.0,0.0,0.0,Y
GDP-RUGT05,Pipe to gas tank  5,SCO,P,0.0,0.0,0.0,0.0,Y
GDP-RUGT06,Pipe to gas tank  6,SCO,P,0.0,0.0,0.0,0.0,Y
GDP-RUGT07,Pipe to gas tank  7,SCO,P,0.0,0.0,0.0,0.0,Y
GDP-RUGT10,Pipe to gas tank 10,SCO,P,0.0,0.0,0.0,0.0,Y
GDP-RUGT11,Pipe to gas tank 11,SCO,P,0.0,0.0,0.0,0.0,Y
GDP-RUGT12,Pipe to gas tank 12,SCO,P,0.0,0.0,0.0,0.0,Y
GDP-RUGT13,Pipe to gas tank 13,SCO,P,0.0,0.0,0.0,0.0,Y
GDP-RUGT14,Pipe to gas tank 14,SCO,P,0.0,0.0,0.0,0.0,Y
GDP-RUGT15,Pipe to gas tank 15,SCO,P,0.0,0.0,0.0,0.0,Y
GDP-RUGT09,Pipe to gas tank  9,SCO,P,0.0,0.0,0.0,0.0,Y
GDP-RUGT08,Pipe to gas tank  8,SCO,P,0.0,0.0,0.0,0.0,Y
Dock1,Ship Dock 1 northernmost,DK,S,0.0,0.0,0.0,0.0,Y
Dock2,Ship Dock 2,DK,S,0.0,0.0,0.0,0.0,Y
Dock3,Ship Dock 3,DK,S,0.0,0.0,0.0,0.0,Y
Dock4,Ship Dock 4 southernmost,DK,S,0.0,0.0,0.0,0.0,Y
DK1toC,Dock 1 to Crude tanks,XFR,C,0.0,0.0,0.0,0.0,Y
DK2toC,Dock 2 to Crude tanks,XFR,C,0.0,0.0,0.0,0.0,Y
DK3toC,Dock 3 to Crude tanks,XFR,C,0.0,0.0,0.0,0.0,Y
DK4toC,Dock 4 to Crude tanks,XFR,C,0.0,0.0,0.0,0.0,Y
DK1-1Pmp,Dock 1 Pump - Position 1,PMP,None,0.0,0.0,0.0,0.0,Y
DK1-2Pmp,Dock 1 Pump - Position 2,PMP,None,0.0,0.0,0.0,0.0,Y
DK1-3Pmp,Dock 1 Pump - Position 3,PMP,None,0.0,0.0,0.0,0.0,Y
DK1-4Pmp,Dock 1 Pump - Position 4,PMP,None,0.0,0.0,0.0,0.0,Y
DK2-1Pmp,Dock 2 Pump - Position 1,PMP,None,0.0,0.0,0.0,0.0,Y
DK2-2Pmp,Dock 2 Pump - Position 2,PMP,None,0.0,0.0,0.0,0.0,Y
DK2-3Pmp,Dock 2 Pump - Position 3,PMP,None,0.0,0.0,0.0,0.0,Y
DK2-4Pmp,Dock 2 Pump - Position 4,PMP,None,0.0,0.0,0.0,0.0,Y
DK3-1Pmp,Dock 3 Pump - Position 1,PMP,None,0.0,0.0,0.0,0.0,Y
DK3-2Pmp,Dock 3 Pump - Position 2,PMP,None,0.0,0.0,0.0,0.0,Y
DK3-3Pmp,Dock 3 Pump - Position 3,PMP,None,0.0,0.0,0.0,0.0,Y
DK3-4Pmp,Dock 3 Pump - Position 4,PMP,None,0.0,0.0,0.0,0.0,Y
DK4-1Pmp,Dock 4 Pump - Position 1,PMP,None,0.0,0.0,0.0,0.0,Y
DK4-2Pmp,Dock 4 Pump - Position 2,PMP,None,0.0,0.0,0.0,0.0,Y
DK4-3Pmp,Dock 4 Pump - Position 3,PMP,None,0.0,0.0,0.0,0.0,Y
DK4-4Pmp,Dock 4 Pump - Position 4,PMP,None,0.0,0.0,0.0,0.0,Y
Dock1Stn1,Dock 1 Pump station 1,STN,DK,0.0,0.0,0.0,0.0,Y
Dock1Stn2,Dock 1 Pump station 2,STN,DK,0.0,0.0,0.0,0.0,Y
Dock1Stn3,Dock 1 Pump station 3,STN,DK,0.0,0.0,0.0,0.0,Y
Dock1Stn4,Dock 1 Pump station 4,STN,DK,0.0,0.0,0.0,0.0,Y
Dock2Stn1,Dock 2 Pump station 1,STN,DK,0.0,0.0,0.0,0.0,Y
Dock2Stn2,Dock 2 Pump station 2,STN,DK,0.0,0.0,0.0,0.0,Y
Dock2Stn3,Dock 2 Pump station 3,STN,DK,0.0,0.0,0.0,0.0,Y
Dock2Stn4,Dock 2 Pump station 4,STN,DK,0.0,0.0,0.0,0.0,Y
Dock3Stn1,Dock 3 Pump station 1,STN,DK,0.0,0.0,0.0,0.0,Y
Dock3Stn2,Dock 3 Pump station 2,STN,DK,0.0,0.0,0.0,0.0,Y
Dock3Stn3,Dock 3 Pump station 3,STN,DK,0.0,0.0,0.0,0.0,Y
Dock3Stn4,Dock 3 Pump station 4,STN,DK,0.0,0.0,0.0,0.0,Y
Dock4Stn1,Dock 4 Pump station 1,STN,DK,0.0,0.0,0.0,0.0,Y
Dock4Stn2,Dock 4 Pump station 2,STN,DK,0.0,0.0,0.0,0.0,Y
Dock4Stn3,Dock 4 Pump station 3,STN,DK,0.0,0.0,0.0,0.0,Y
Dock4Stn4,Dock 4 Pump station 4,STN,DK,0.0,0.0,0.0,0.0,Y
TrkDk1,Truck Dock 1 West,DK,TT,0.0,0.0,0.0,0.0,Y
TrkDk2,Truck Dock 2 East,DK,TT,0.0,0.0,0.0,0.0,Y
TrnDk,Train Dock (6 cars),DK,TR,0.0,0.0,0.0,0.0,Y
TrkDk1Stn1,Truck dock 1 station 1,STN,DK,0.0,0.0,0.0,0.0,Y
TrkDk2Stn1,Truck dock 2 station 1,STN,DK,0.0,0.0,0.0,0.0,Y
TrnDkStn1,Train dock station 1,STN,DK,0.0,0.0,0.0,0.0,Y
TT316G-1,Tank Truck 2,TT,G,None,None,None,None,Y
TT317A-1,Asphalt Tank Truck 2,TT,A,None,None,None,None,Y
TT317FO-1,Fuel Oil Tank Truck 1,TT,FO,None,None,None,None,Y
TT317JF-1,Jet Fuel Tank Truck 1,TT,JF,None,None,None,None,Y
TT318JF-2,Jet Fuel Tank Truck 2,TT,JF,None,None,None,None,Y
TT318L-1,Lubricant Tank Truck 1,TT,L,None,None,None,None,Y
TT319N-1,Naptha Tank Truck 1,TT,N,None,None,None,None,Y
GtoTT2,Gasoline transfer to tank truck,XFR,G,None,None,None,None,Y
TT320W-1,Wax Tank Truck,TT,W,None,None,None,None,Y
AtoTT1,Asphalt transfer to tank truck,XFR,A,None,None,None,None,Y
AtoTT2,Asphalt transfer to tank truck,XFR,A,None,None,None,None,Y
FOtoTT1,Fuel oil transfer to tank truck,XFR,FO,None,None,None,None,Y
FOtoTT2,Fuel oil transfer to tank truck,XFR,FO,None,None,None,None,Y
JFtoTT1,Jet fuel transfer to tank truck,XFR,JF,None,None,None,None,Y
JFtoTT2,Jet fuel transfer to tank truck,XFR,JF,None,None,None,None,Y
LtoTT1,Lubricant transfer to tank truck,XFR,L,None,None,None,None,Y
LtoTT2,Lubricant transfer to tank truck,XFR,L,None,None,None,None,Y
NtoTT2,Naptha transfer to tank truck,XFR,N,None,None,None,None,Y
NtoTT1,Naptha transfer to tank truck,XFR,N,None,None,None,None,Y
WtoTT1,Wax transfer to tank truck,XFR,W,None,None,None,None,Y
WtoTT2,Wax transfer to tank truck,XFR,W,None,None,None,None,Y
WaxUnit,Wax Tanks,PU,W,None,None,None,None,Y
End